data,numero_concurso,d1,d2,d3,d4,d5,d6
11/03/1996,1,4,5,30,33,41,52
18/03/1996,2,9,37,39,41,43,49
25/03/1996,3,10,11,29,30,36,47
01/04/1996,4,1,5,6,27,42,59
08/04/1996,5,1,2,6,16,19,46
15/04/1996,6,7,13,19,22,40,47
22/04/1996,7,3,5,20,21,38,56
29/04/1996,8,4,17,37,38,47,53
06/05/1996,9,8,43,54,55,56,60
13/05/1996,10,4,18,21,25,38,57
20/05/1996,11,15,25,37,38,58,59
27/05/1996,12,4,16,19,20,27,43
03/06/1996,13,18,32,47,50,54,56
10/06/1996,14,2,16,23,27,47,53
17/06/1996,15,12,33,35,51,52,60
24/06/1996,16,20,32,34,49,58,60
01/07/1996,17,6,10,13,19,20,51
08/07/1996,18,23,27,36,37,42,56
15/07/1996,19,5,10,12,24,25,60
22/07/1996,20,11,25,28,30,33,51
29/07/1996,21,6,33,36,46,49,53
05/08/1996,22,1,9,31,38,46,56
12/08/1996,23,17,37,39,51,52,59
19/08/1996,24,1,8,14,28,33,43
25/08/1996,25,24,43,50,54,55,56
01/09/1996,26,10,22,50,53,57,58
08/09/1996,27,13,17,20,33,44,51
15/09/1996,28,3,6,22,24,54,60
22/09/1996,29,3,8,14,43,56,58
29/09/1996,30,7,14,15,29,38,50
06/10/1996,31,17,19,28,45,48,56
13/10/1996,32,5,14,33,36,43,44
20/10/1996,33,5,17,33,39,42,49
27/10/1996,34,13,15,17,40,53,57
03/11/1996,35,4,16,21,23,54,57
10/11/1996,36,3,13,17,25,29,51
17/11/1996,37,6,7,22,38,52,60
24/11/1996,38,10,42,43,45,54,55
01/12/1996,39,12,16,37,45,52,56
08/12/1996,40,3,5,8,12,46,47
15/12/1996,41,12,26,35,38,39,47
22/12/1996,42,7,11,19,24,33,36
29/12/1996,43,2,6,17,25,26,58
05/01/1997,44,14,18,29,38,44,47
12/01/1997,45,7,30,37,44,53,55
19/01/1997,46,1,23,24,32,46,60
26/01/1997,47,3,17,25,35,48,56
02/02/1997,48,2,5,28,34,47,50
09/02/1997,49,7,13,33,35,43,55
16/02/1997,50,6,16,21,44,57,58
23/02/1997,51,17,23,24,25,42,47
02/03/1997,52,15,30,38,46,58,59
09/03/1997,53,3,13,16,38,42,46
16/03/1997,54,5,9,18,21,36,56
23/03/1997,55,2,14,23,29,38,52
30/03/1997,56,2,7,20,35,51,59
06/04/1997,57,7,16,17,27,34,59
13/04/1997,58,12,27,30,37,44,49
20/04/1997,59,2,8,13,28,34,54
27/04/1997,60,3,14,15,20,21,38
04/05/1997,61,8,18,29,42,44,59
11/05/1997,62,6,8,13,24,31,52
18/05/1997,63,9,25,26,40,41,49
25/05/1997,64,8,12,23,50,54,60
01/06/1997,65,1,5,20,25,32,34
08/06/1997,66,12,13,15,26,33,48
15/06/1997,67,12,14,17,27,47,52
22/06/1997,68,1,3,12,13,53,59
29/06/1997,69,25,34,45,53,56,58
06/07/1997,70,17,23,27,40,43,58
13/07/1997,71,16,27,33,43,45,53
20/07/1997,72,1,19,34,43,44,48
27/07/1997,73,25,26,28,45,51,57
03/08/1997,74,2,24,34,37,38,50
10/08/1997,75,21,24,35,36,37,49
17/08/1997,76,8,17,18,23,33,53
24/08/1997,77,21,29,40,49,54,57
31/08/1997,78,12,22,25,31,32,46
07/09/1997,79,2,13,17,25,31,43
14/09/1997,80,23,28,37,40,48,51
21/09/1997,81,10,23,41,47,54,60
28/09/1997,82,15,18,29,36,51,53
05/10/1997,83,4,15,16,24,42,57
12/10/1997,84,4,6,10,25,34,40
19/10/1997,85,6,15,30,37,45,47
26/10/1997,86,6,21,22,34,36,54
02/11/1997,87,4,5,11,28,32,40
09/11/1997,88,4,18,29,37,43,45
16/11/1997,89,13,34,42,44,55,59
23/11/1997,90,9,21,26,40,52,54
30/11/1997,91,2,4,10,35,39,60
07/12/1997,92,1,3,5,23,24,51
14/12/1997,93,2,22,28,31,36,53
21/12/1997,94,8,18,28,51,52,55
28/12/1997,95,6,40,45,46,50,60
04/01/1998,96,4,7,26,40,42,58
11/01/1998,97,5,11,14,35,53,56
18/01/1998,98,13,14,31,33,35,43
25/01/1998,99,11,24,30,33,46,60
01/02/1998,100,14,29,30,46,48,51
08/02/1998,101,1,18,29,31,37,39
15/02/1998,102,19,20,37,42,44,56
22/02/1998,103,1,7,9,49,54,57
01/03/1998,104,1,4,13,21,38,52
08/03/1998,105,3,13,31,43,46,49
15/03/1998,106,5,16,24,35,38,39
22/03/1998,107,2,4,16,24,51,52
29/03/1998,108,21,24,29,34,59,60
04/04/1998,109,1,13,44,48,49,54
11/04/1998,110,18,31,43,52,57,58
18/04/1998,111,4,22,25,32,33,52
25/04/1998,112,12,20,34,37,42,43
02/05/1998,113,7,26,28,34,54,55
09/05/1998,114,6,12,18,37,47,54
16/05/1998,115,4,6,14,20,24,38
23/05/1998,116,5,13,32,36,42,51
30/05/1998,117,20,25,27,33,42,53
06/06/1998,118,9,22,25,37,56,57
13/06/1998,119,1,21,36,38,47,50
20/06/1998,120,3,16,27,40,45,46
27/06/1998,121,2,29,41,44,53,55
04/07/1998,122,11,17,20,39,43,53
11/07/1998,123,13,14,16,26,32,42
18/07/1998,124,5,15,34,41,52,57
25/07/1998,125,25,41,47,53,56,59
01/08/1998,126,6,10,11,28,32,40
08/08/1998,127,21,29,50,51,54,59
15/08/1998,128,3,9,18,21,23,43
22/08/1998,129,1,9,10,32,46,54
29/08/1998,130,13,29,38,42,49,53
05/09/1998,131,4,9,17,27,30,44
12/09/1998,132,7,9,35,41,44,50
19/09/1998,133,5,6,19,34,39,57
26/09/1998,134,4,25,32,36,52,60
03/10/1998,135,21,22,35,40,53,59
10/10/1998,136,1,17,25,38,45,59
17/10/1998,137,15,16,19,22,26,49
24/10/1998,138,5,14,27,37,40,41
31/10/1998,139,3,13,26,27,41,42
07/11/1998,140,7,31,41,44,46,55
14/11/1998,141,10,13,22,41,42,58
21/11/1998,142,8,15,19,20,54,59
28/11/1998,143,6,18,20,40,50,53
05/12/1998,144,8,32,36,44,45,55
12/12/1998,145,15,16,31,41,43,51
19/12/1998,146,25,32,34,42,51,60
24/12/1998,147,6,16,23,24,28,38
31/12/1998,148,32,35,41,55,58,59
09/01/1999,149,7,11,20,28,45,48
16/01/1999,150,12,44,50,52,54,55
23/01/1999,151,3,16,20,43,52,56
30/01/1999,152,5,12,15,29,51,58
06/02/1999,153,2,30,31,42,45,47
13/02/1999,154,8,10,24,33,45,48
20/02/1999,155,12,30,32,35,43,44
27/02/1999,156,17,23,42,49,52,55
06/03/1999,157,4,13,17,21,41,44
13/03/1999,158,4,14,17,43,51,58
20/03/1999,159,9,11,16,35,50,58
27/03/1999,160,2,13,42,52,54,58
03/04/1999,161,6,25,30,37,39,41
10/04/1999,162,21,23,33,38,48,51
17/04/1999,163,8,27,36,41,53,56
24/04/1999,164,4,10,14,19,28,44
01/05/1999,165,10,19,23,35,39,56
08/05/1999,166,12,13,22,57,59,60
15/05/1999,167,1,11,28,33,38,48
22/05/1999,168,2,9,31,35,45,50
29/05/1999,169,1,13,21,37,51,52
05/06/1999,170,7,41,46,51,55,58
12/06/1999,171,4,27,40,43,46,54
19/06/1999,172,10,14,26,35,36,49
26/06/1999,173,17,28,29,42,49,50
03/07/1999,174,11,22,23,36,52,59
10/07/1999,175,1,10,13,20,42,50
17/07/1999,176,1,3,4,28,45,53
24/07/1999,177,22,35,38,39,41,59
31/07/1999,178,5,15,19,26,27,33
07/08/1999,179,5,6,23,26,27,53
14/08/1999,180,6,23,29,39,51,60
21/08/1999,181,1,27,33,35,51,55
28/08/1999,182,3,5,10,28,46,60
04/09/1999,183,2,7,11,16,40,44
11/09/1999,184,9,16,21,34,41,60
18/09/1999,185,17,22,43,46,55,59
25/09/1999,186,14,23,24,25,26,51
02/10/1999,187,6,36,41,44,48,58
10/10/1999,188,17,27,34,42,43,46
16/10/1999,189,4,15,31,38,41,53
24/10/1999,190,5,10,21,32,40,42
31/10/1999,191,1,3,5,23,41,58
06/11/1999,192,1,26,28,41,54,60
13/11/1999,193,4,11,12,19,43,49
20/11/1999,194,25,28,32,33,42,43
27/11/1999,195,3,9,17,32,37,44
04/12/1999,196,7,9,14,17,24,32
11/12/1999,197,5,12,15,19,29,52
18/12/1999,198,1,8,18,23,35,40
24/12/1999,199,10,16,37,50,52,57
31/12/1999,200,12,15,19,34,44,51
08/01/2000,201,5,20,22,30,35,55
15/01/2000,202,12,24,44,45,49,53
22/01/2000,203,11,19,29,44,47,55
29/01/2000,204,29,31,39,41,51,58
05/02/2000,205,26,32,40,43,46,54
12/02/2000,206,18,20,26,34,51,56
19/02/2000,207,3,7,19,24,53,55
26/02/2000,208,15,23,24,25,47,57
04/03/2000,209,13,21,26,32,41,52
11/03/2000,210,20,32,37,38,48,58
18/03/2000,211,10,20,33,40,45,50
25/03/2000,212,6,15,29,45,57,59
01/04/2000,213,3,9,23,30,32,35
08/04/2000,214,6,12,30,31,35,50
15/04/2000,215,7,28,37,46,53,58
22/04/2000,216,14,18,30,35,42,59
29/04/2000,217,3,27,32,45,49,51
06/05/2000,218,12,17,40,42,47,54
13/05/2000,219,23,26,28,36,42,49
20/05/2000,220,13,14,36,53,55,60
27/05/2000,221,13,27,43,50,54,58
03/06/2000,222,5,19,30,48,52,55
10/06/2000,223,2,6,22,24,28,58
17/06/2000,224,7,16,18,20,21,44
24/06/2000,225,2,4,16,21,37,58
01/07/2000,226,1,2,38,49,50,59
08/07/2000,227,11,26,27,37,42,48
15/07/2000,228,13,16,40,43,45,59
22/07/2000,229,11,13,21,33,39,45
29/07/2000,230,8,40,41,44,53,56
05/08/2000,231,16,27,36,42,44,59
12/08/2000,232,19,22,29,37,41,59
19/08/2000,233,3,7,24,32,36,45
26/08/2000,234,15,25,41,42,45,54
02/09/2000,235,2,22,29,31,41,55
09/09/2000,236,10,25,50,52,57,60
16/09/2000,237,7,31,36,45,56,57
23/09/2000,238,9,13,15,37,41,42
30/09/2000,239,6,21,33,44,46,47
07/10/2000,240,25,28,38,41,57,59
14/10/2000,241,11,31,35,40,56,57
21/10/2000,242,4,7,21,22,28,56
28/10/2000,243,11,16,20,23,32,47
04/11/2000,244,19,24,33,47,50,60
11/11/2000,245,8,27,44,51,53,60
18/11/2000,246,2,16,32,37,43,57
25/11/2000,247,3,10,23,30,34,46
02/12/2000,248,16,32,34,35,41,56
09/12/2000,249,21,36,40,49,54,55
16/12/2000,250,7,25,41,42,43,55
23/12/2000,251,15,23,30,34,49,55
30/12/2000,252,4,17,26,32,51,54
06/01/2001,253,11,12,24,37,44,56
13/01/2001,254,1,4,21,22,30,56
20/01/2001,255,16,19,20,32,44,55
27/01/2001,256,2,21,26,32,34,52
03/02/2001,257,1,4,5,19,28,34
10/02/2001,258,7,12,50,54,55,60
17/02/2001,259,13,15,20,33,43,58
24/02/2001,260,4,6,33,43,59,60
03/03/2001,261,5,16,20,30,54,56
10/03/2001,262,11,20,48,53,58,60
17/03/2001,263,8,9,26,43,50,53
24/03/2001,264,1,5,13,25,31,33
31/03/2001,265,7,16,34,41,50,53
07/04/2001,266,2,23,38,46,48,54
14/04/2001,267,1,8,45,46,55,58
21/04/2001,268,5,6,10,21,33,47
28/04/2001,269,17,18,19,25,49,52
05/05/2001,270,5,9,27,35,40,45
12/05/2001,271,14,24,26,29,31,54
19/05/2001,272,9,10,24,36,56,58
26/05/2001,273,10,17,23,27,47,52
02/06/2001,274,11,13,18,26,39,47
09/06/2001,275,16,19,30,37,38,48
16/06/2001,276,22,39,45,53,57,59
23/06/2001,277,4,26,38,40,52,56
30/06/2001,278,10,15,18,22,31,55
07/07/2001,279,4,23,31,47,58,59
14/07/2001,280,5,16,20,25,30,58
21/07/2001,281,5,11,31,38,47,53
28/07/2001,282,9,14,23,24,33,36
01/08/2001,283,25,28,34,42,48,54
04/08/2001,284,7,8,14,30,32,36
08/08/2001,285,12,32,37,41,50,56
11/08/2001,286,29,35,37,44,47,56
15/08/2001,287,3,13,25,33,47,60
18/08/2001,288,6,9,11,17,18,50
22/08/2001,289,6,7,20,25,30,36
25/08/2001,290,7,25,26,30,40,57
29/08/2001,291,5,16,17,18,22,41
01/09/2001,292,13,23,24,34,45,53
05/09/2001,293,5,6,7,12,28,35
08/09/2001,294,22,25,28,41,45,57
12/09/2001,295,7,12,24,31,44,50
15/09/2001,296,3,20,42,46,51,52
19/09/2001,297,1,20,28,33,36,41
22/09/2001,298,5,22,23,24,34,60
26/09/2001,299,2,5,7,33,49,53
29/09/2001,300,24,27,28,38,41,57
03/10/2001,301,9,26,48,49,57,58
06/10/2001,302,12,25,30,40,41,60
10/10/2001,303,7,13,17,30,37,47
13/10/2001,304,7,11,34,41,42,59
17/10/2001,305,5,11,27,38,53,60
20/10/2001,306,19,30,41,47,56,57
24/10/2001,307,13,16,17,26,41,44
27/10/2001,308,4,11,25,29,39,55
31/10/2001,309,4,11,25,39,50,55
03/11/2001,310,2,14,28,29,31,32
07/11/2001,311,22,24,30,32,38,41
10/11/2001,312,14,23,30,41,47,50
14/11/2001,313,14,16,24,37,38,53
17/11/2001,314,5,32,34,37,40,58
21/11/2001,315,12,21,22,28,43,50
24/11/2001,316,6,24,28,43,51,56
28/11/2001,317,16,20,27,30,35,48
01/12/2001,318,3,19,20,31,40,53
05/12/2001,319,12,16,17,19,23,48
08/12/2001,320,20,22,27,47,50,53
12/12/2001,321,4,11,31,32,48,49
15/12/2001,322,11,18,29,44,47,56
19/12/2001,323,26,31,33,40,49,54
22/12/2001,324,8,15,22,25,30,47
29/12/2001,325,1,3,4,21,23,53
05/01/2002,326,21,23,40,44,51,52
09/01/2002,327,29,32,33,38,46,48
12/01/2002,328,5,7,14,21,23,51
16/01/2002,329,10,11,12,24,35,40
19/01/2002,330,2,4,14,23,37,51
23/01/2002,331,1,13,20,27,35,37
26/01/2002,332,23,28,29,34,42,44
30/01/2002,333,4,27,35,44,52,53
02/02/2002,334,14,23,24,26,41,51
06/02/2002,335,7,23,33,43,57,59
09/02/2002,336,2,18,22,26,30,54
16/02/2002,337,4,14,16,31,52,54
20/02/2002,338,1,4,9,36,46,48
23/02/2002,339,5,12,13,16,27,50
27/02/2002,340,9,10,12,33,42,60
02/03/2002,341,5,16,22,23,43,56
06/03/2002,342,16,29,34,49,51,54
09/03/2002,343,4,6,7,12,24,41
13/03/2002,344,10,12,14,33,35,36
16/03/2002,345,11,22,46,51,56,58
20/03/2002,346,7,12,41,46,56,60
23/03/2002,347,1,10,12,26,48,52
27/03/2002,348,19,30,33,39,40,52
30/03/2002,349,8,9,28,32,38,54
03/04/2002,350,10,15,23,30,43,57
06/04/2002,351,15,16,24,41,59,60
10/04/2002,352,7,20,25,44,47,49
13/04/2002,353,19,23,30,46,55,60
17/04/2002,354,7,16,38,40,41,52
20/04/2002,355,2,14,22,23,37,60
24/04/2002,356,5,19,21,54,56,58
27/04/2002,357,2,30,32,35,45,53
04/05/2002,358,12,17,21,32,40,42
08/05/2002,359,13,19,20,29,31,54
11/05/2002,360,23,24,29,47,53,55
15/05/2002,361,16,28,31,41,45,59
18/05/2002,362,7,20,33,37,46,56
22/05/2002,363,19,29,39,47,49,54
25/05/2002,364,5,29,44,51,57,59
29/05/2002,365,19,23,34,37,52,58
01/06/2002,366,4,6,7,15,21,51
05/06/2002,367,10,12,27,33,49,52
08/06/2002,368,13,29,32,38,44,50
12/06/2002,369,1,14,21,35,42,60
15/06/2002,370,1,4,40,42,51,54
19/06/2002,371,4,18,23,33,39,60
22/06/2002,372,16,17,24,39,46,57
26/06/2002,373,1,5,10,24,31,33
29/06/2002,374,2,5,16,26,44,54
03/07/2002,375,1,5,9,42,51,58
06/07/2002,376,10,13,25,35,43,48
10/07/2002,377,3,12,19,27,45,46
13/07/2002,378,5,38,41,45,48,55
17/07/2002,379,24,33,40,41,55,59
20/07/2002,380,13,22,30,31,47,57
24/07/2002,381,9,10,28,46,55,56
27/07/2002,382,31,34,37,38,53,54
31/07/2002,383,14,22,48,50,53,56
03/08/2002,384,24,28,40,47,50,52
07/08/2002,385,5,12,16,18,22,24
10/08/2002,386,17,35,36,39,43,54
14/08/2002,387,22,28,29,43,47,48
17/08/2002,388,23,36,48,52,53,58
21/08/2002,389,5,14,18,43,46,54
24/08/2002,390,7,12,22,34,38,53
28/08/2002,391,4,7,15,16,35,40
31/08/2002,392,15,23,31,39,47,49
04/09/2002,393,6,12,35,36,40,50
07/09/2002,394,5,15,35,42,45,49
11/09/2002,395,10,11,14,20,31,58
14/09/2002,396,6,18,34,42,45,47
18/09/2002,397,1,2,5,24,32,46
21/09/2002,398,7,16,22,28,36,37
25/09/2002,399,11,16,27,47,55,59
28/09/2002,400,10,13,28,29,54,59
02/10/2002,401,11,18,43,44,50,53
05/10/2002,402,5,16,27,43,56,58
09/10/2002,403,7,16,27,31,46,60
12/10/2002,404,1,24,28,38,40,58
16/10/2002,405,24,29,34,47,57,60
19/10/2002,406,2,12,32,38,47,48
23/10/2002,407,2,18,22,49,51,57
26/10/2002,408,14,28,33,44,49,56
30/10/2002,409,18,25,26,31,34,49
02/11/2002,410,8,24,31,36,38,55
06/11/2002,411,10,12,31,38,45,56
09/11/2002,412,5,12,14,21,45,59
13/11/2002,413,2,4,29,33,35,53
16/11/2002,414,16,26,35,45,52,58
20/11/2002,415,1,4,27,38,42,44
23/11/2002,416,1,13,23,33,54,56
27/11/2002,417,7,12,21,25,34,42
30/11/2002,418,8,15,32,45,49,52
04/12/2002,419,9,16,41,42,52,53
07/12/2002,420,12,29,30,43,57,59
11/12/2002,421,5,35,37,38,45,51
14/12/2002,422,12,37,43,55,56,60
18/12/2002,423,8,22,32,33,40,53
21/12/2002,424,18,27,29,36,46,59
28/12/2002,425,6,10,16,34,42,47
04/01/2003,426,7,30,32,37,50,54
08/01/2003,427,3,13,14,24,43,51
11/01/2003,428,8,28,30,32,46,60
15/01/2003,429,17,26,32,36,43,55
18/01/2003,430,8,10,21,25,38,50
22/01/2003,431,26,37,40,47,52,58
25/01/2003,432,4,13,17,27,39,50
29/01/2003,433,16,17,28,30,36,54
01/02/2003,434,4,10,17,24,30,54
05/02/2003,435,10,11,17,31,37,43
08/02/2003,436,1,6,7,29,48,57
12/02/2003,437,7,10,30,44,54,59
15/02/2003,438,3,5,11,14,38,48
19/02/2003,439,13,20,29,42,43,57
22/02/2003,440,3,5,23,30,46,47
26/02/2003,441,2,10,15,21,58,59
01/03/2003,442,6,15,23,31,37,59
08/03/2003,443,11,17,26,36,48,52
12/03/2003,444,3,24,33,48,52,57
15/03/2003,445,7,20,31,32,50,53
19/03/2003,446,8,11,12,17,20,47
22/03/2003,447,15,24,25,33,42,55
26/03/2003,448,3,5,9,45,51,52
29/03/2003,449,1,8,24,34,49,56
02/04/2003,450,1,9,13,50,51,59
05/04/2003,451,17,18,23,28,31,53
09/04/2003,452,11,16,30,36,51,54
12/04/2003,453,8,20,23,34,52,58
16/04/2003,454,4,17,24,42,46,56
19/04/2003,455,2,14,15,17,50,59
23/04/2003,456,3,17,22,27,33,40
26/04/2003,457,15,17,24,27,32,48
30/04/2003,458,13,24,32,34,43,53
03/05/2003,459,8,15,17,39,43,49
07/05/2003,460,19,23,30,37,49,55
10/05/2003,461,15,17,20,29,30,60
14/05/2003,462,17,19,22,26,27,48
17/05/2003,463,2,3,7,18,45,53
21/05/2003,464,6,24,33,38,45,50
24/05/2003,465,1,22,31,46,51,57
28/05/2003,466,11,16,28,29,30,45
31/05/2003,467,8,18,21,22,38,60
04/06/2003,468,5,6,23,25,39,51
07/06/2003,469,13,21,26,29,42,47
11/06/2003,470,8,11,23,37,51,58
14/06/2003,471,5,31,32,36,51,59
18/06/2003,472,3,4,12,29,38,51
21/06/2003,473,7,23,41,49,51,58
25/06/2003,474,3,12,32,34,40,50
28/06/2003,475,6,8,19,22,43,52
02/07/2003,476,17,20,38,43,55,58
05/07/2003,477,6,8,18,34,38,47
09/07/2003,478,3,8,21,25,30,31
12/07/2003,479,20,26,41,46,54,58
16/07/2003,480,14,33,36,38,41,49
19/07/2003,481,6,13,22,24,42,44
23/07/2003,482,12,13,33,53,54,56
26/07/2003,483,16,18,23,35,44,59
30/07/2003,484,17,18,19,38,49,53
02/08/2003,485,19,28,30,38,52,57
06/08/2003,486,8,14,19,30,42,50
09/08/2003,487,8,22,25,48,52,54
13/08/2003,488,15,30,35,39,43,57
16/08/2003,489,17,28,33,36,53,59
20/08/2003,490,5,11,23,29,54,58
23/08/2003,491,1,9,15,22,43,55
27/08/2003,492,2,6,15,18,56,57
30/08/2003,493,3,18,20,24,42,54
03/09/2003,494,18,20,28,32,49,53
06/09/2003,495,8,15,29,36,49,60
10/09/2003,496,10,19,20,29,41,59
13/09/2003,497,9,13,20,32,41,58
17/09/2003,498,2,6,28,49,50,57
20/09/2003,499,1,4,5,11,44,59
27/09/2003,500,21,29,35,36,38,54
01/10/2003,501,16,27,28,34,39,56
04/10/2003,502,7,13,21,24,33,50
08/10/2003,503,7,10,21,27,48,49
11/10/2003,504,8,11,19,30,39,50
15/10/2003,505,3,20,28,46,47,52
18/10/2003,506,4,15,31,34,37,38
22/10/2003,507,3,5,27,33,44,58
25/10/2003,508,5,10,15,45,46,56
29/10/2003,509,28,32,33,34,35,55
01/11/2003,510,1,4,30,41,45,58
05/11/2003,511,3,4,8,34,36,37
08/11/2003,512,4,8,31,40,53,58
12/11/2003,513,10,19,27,33,39,46
15/11/2003,514,15,36,40,42,51,52
19/11/2003,515,15,16,39,45,48,57
22/11/2003,516,5,13,24,33,34,35
26/11/2003,517,7,8,28,32,38,51
29/11/2003,518,5,8,10,15,18,44
03/12/2003,519,9,15,19,22,36,42
06/12/2003,520,9,12,17,32,34,35
10/12/2003,521,15,25,28,32,38,45
13/12/2003,522,6,14,15,25,49,52
17/12/2003,523,28,39,40,44,45,58
20/12/2003,524,19,29,34,41,47,48
27/12/2003,525,8,10,24,26,32,49
03/01/2004,526,3,21,31,36,55,59
07/01/2004,527,6,14,17,26,50,52
10/01/2004,528,8,12,28,31,34,37
14/01/2004,529,1,13,33,38,45,56
17/01/2004,530,1,6,21,25,32,49
21/01/2004,531,1,3,7,18,35,50
24/01/2004,532,4,9,12,13,52,53
28/01/2004,533,13,18,21,27,53,59
31/01/2004,534,3,8,23,31,48,57
04/02/2004,535,6,14,28,47,49,56
07/02/2004,536,14,15,22,23,25,37
11/02/2004,537,3,7,19,34,37,39
14/02/2004,538,3,25,43,45,52,56
18/02/2004,539,6,16,19,47,50,55
21/02/2004,540,4,22,28,30,44,49
28/02/2004,541,13,27,49,52,57,58
03/03/2004,542,4,6,19,28,35,49
06/03/2004,543,35,37,42,46,49,54
10/03/2004,544,11,17,33,34,47,56
13/03/2004,545,17,29,35,40,43,57
17/03/2004,546,4,5,13,17,46,54
20/03/2004,547,4,13,28,30,53,59
24/03/2004,548,14,47,49,51,58,59
27/03/2004,549,8,13,22,46,51,58
31/03/2004,550,16,17,38,39,45,56
03/04/2004,551,12,21,46,48,56,57
07/04/2004,552,9,22,47,49,52,54
10/04/2004,553,4,43,46,53,54,58
14/04/2004,554,15,29,31,42,47,60
17/04/2004,555,5,23,31,33,45,49
21/04/2004,556,8,10,17,30,33,45
24/04/2004,557,8,12,18,23,38,49
28/04/2004,558,7,14,31,57,58,59
01/05/2004,559,6,13,17,25,36,53
05/05/2004,560,2,11,18,30,32,58
08/05/2004,561,1,20,36,39,49,55
12/05/2004,562,16,23,35,37,55,57
15/05/2004,563,5,8,23,34,44,51
19/05/2004,564,10,13,20,32,38,49
22/05/2004,565,7,31,34,35,37,45
26/05/2004,566,6,13,17,18,20,37
29/05/2004,567,11,31,38,41,57,58
02/06/2004,568,13,17,22,25,29,41
05/06/2004,569,3,9,14,15,32,57
09/06/2004,570,15,32,33,35,36,51
12/06/2004,571,12,13,14,31,50,51
16/06/2004,572,3,9,16,20,33,60
19/06/2004,573,6,17,22,29,40,59
23/06/2004,574,2,10,17,23,32,44
26/06/2004,575,5,18,21,29,35,48
30/06/2004,576,7,8,18,39,43,52
03/07/2004,577,8,23,24,28,31,47
07/07/2004,578,3,18,23,48,56,58
10/07/2004,579,4,9,15,17,34,39
14/07/2004,580,15,16,18,28,38,47
17/07/2004,581,14,17,25,30,39,52
21/07/2004,582,13,29,40,45,51,59
24/07/2004,583,6,7,20,41,43,55
28/07/2004,584,7,8,23,30,32,53
31/07/2004,585,12,24,33,36,39,57
04/08/2004,586,11,13,38,39,45,54
07/08/2004,587,2,18,29,30,36,60
11/08/2004,588,11,13,45,46,53,55
14/08/2004,589,6,7,8,13,33,59
18/08/2004,590,4,5,18,25,28,51
21/08/2004,591,1,3,18,34,50,58
25/08/2004,592,13,14,42,47,55,59
28/08/2004,593,1,25,27,29,49,59
01/09/2004,594,10,13,29,47,53,55
04/09/2004,595,1,2,25,43,50,54
08/09/2004,596,11,14,28,43,54,60
11/09/2004,597,22,27,29,40,42,56
15/09/2004,598,5,16,34,38,50,53
18/09/2004,599,4,6,9,23,45,51
22/09/2004,600,16,18,31,34,39,54
25/09/2004,601,10,19,22,29,30,37
29/09/2004,602,7,13,38,46,55,60
02/10/2004,603,4,8,11,12,29,44
06/10/2004,604,15,25,41,46,49,51
09/10/2004,605,4,24,44,49,52,53
13/10/2004,606,6,23,32,35,41,55
16/10/2004,607,6,11,19,27,41,59
20/10/2004,608,6,13,19,24,30,37
23/10/2004,609,2,6,15,58,59,60
27/10/2004,610,25,30,43,45,47,49
30/10/2004,611,16,21,22,33,48,49
03/11/2004,612,15,18,33,50,53,55
06/11/2004,613,6,13,19,44,54,55
10/11/2004,614,12,16,31,48,57,60
13/11/2004,615,5,8,10,27,31,51
17/11/2004,616,2,12,16,24,26,54
20/11/2004,617,3,5,25,33,36,49
24/11/2004,618,3,8,10,13,24,60
27/11/2004,619,8,12,14,16,19,46
01/12/2004,620,1,3,13,22,29,32
04/12/2004,621,26,29,31,49,50,57
08/12/2004,622,19,27,29,38,50,59
11/12/2004,623,9,23,30,42,49,55
15/12/2004,624,8,23,34,39,43,52
18/12/2004,625,12,24,32,40,42,59
22/12/2004,626,7,8,18,22,39,49
29/12/2004,627,1,13,19,45,56,58
05/01/2005,628,8,16,22,30,56,58
08/01/2005,629,15,16,39,40,47,51
12/01/2005,630,12,16,20,45,53,60
15/01/2005,631,1,20,28,32,44,47
19/01/2005,632,2,19,28,48,51,54
22/01/2005,633,5,11,22,27,46,50
26/01/2005,634,10,13,24,41,42,56
29/01/2005,635,8,20,26,37,42,49
02/02/2005,636,26,28,30,32,34,50
05/02/2005,637,11,18,43,48,52,58
12/02/2005,638,10,11,36,41,42,50
16/02/2005,639,13,35,39,45,51,60
19/02/2005,640,12,19,42,46,59,60
23/02/2005,641,1,9,13,17,33,34
26/02/2005,642,17,36,40,44,51,56
02/03/2005,643,14,24,37,40,42,45
05/03/2005,644,14,27,29,31,34,57
09/03/2005,645,3,24,48,52,53,54
12/03/2005,646,10,13,32,47,49,60
16/03/2005,647,11,12,14,19,54,56
19/03/2005,648,5,23,29,42,45,48
23/03/2005,649,9,24,33,41,48,54
26/03/2005,650,10,24,25,29,53,59
30/03/2005,651,26,28,39,45,48,60
02/04/2005,652,10,18,20,24,56,57
06/04/2005,653,5,9,19,24,31,34
09/04/2005,654,6,10,11,40,41,56
13/04/2005,655,1,26,37,39,43,48
16/04/2005,656,35,36,37,46,51,59
20/04/2005,657,16,20,33,58,59,60
23/04/2005,658,3,6,11,20,36,41
27/04/2005,659,14,29,34,40,51,52
30/04/2005,660,5,11,38,46,53,54
04/05/2005,661,4,27,36,40,42,55
07/05/2005,662,4,18,23,25,56,60
11/05/2005,663,1,27,30,49,51,55
14/05/2005,664,1,12,36,38,55,59
18/05/2005,665,7,8,18,25,47,48
21/05/2005,666,7,16,26,29,45,55
25/05/2005,667,1,4,5,16,23,49
28/05/2005,668,1,2,14,33,49,56
01/06/2005,669,7,24,27,40,41,49
04/06/2005,670,22,37,42,48,58,59
08/06/2005,671,9,16,27,38,39,51
11/06/2005,672,24,28,34,38,43,53
15/06/2005,673,6,11,20,34,37,40
18/06/2005,674,18,22,29,32,38,42
22/06/2005,675,24,25,30,42,43,50
25/06/2005,676,9,15,32,41,42,49
29/06/2005,677,8,10,25,32,48,55
02/07/2005,678,14,31,40,42,44,46
06/07/2005,679,3,21,25,37,54,58
09/07/2005,680,2,3,5,22,26,44
13/07/2005,681,21,25,38,53,58,59
16/07/2005,682,4,27,36,37,47,60
20/07/2005,683,2,11,12,35,40,43
23/07/2005,684,17,19,33,37,40,50
27/07/2005,685,5,12,27,33,43,56
30/07/2005,686,4,5,15,26,33,54
03/08/2005,687,1,7,14,41,48,59
06/08/2005,688,11,21,30,35,47,52
10/08/2005,689,6,7,31,49,51,60
13/08/2005,690,8,12,15,41,47,53
17/08/2005,691,8,16,37,50,55,58
20/08/2005,692,11,18,33,57,58,60
24/08/2005,693,13,14,17,31,41,50
27/08/2005,694,15,19,29,37,41,53
31/08/2005,695,6,11,13,21,40,52
03/09/2005,696,9,16,34,37,53,57
10/09/2005,697,28,31,32,35,51,53
14/09/2005,698,8,12,22,27,43,55
19/09/2005,699,17,23,48,50,53,54
21/09/2005,700,2,3,14,24,31,40
24/09/2005,701,1,13,23,31,48,60
28/09/2005,702,1,18,45,56,57,58
01/10/2005,703,2,11,24,27,30,45
05/10/2005,704,2,4,18,27,34,50
08/10/2005,705,3,11,13,15,26,43
15/10/2005,706,2,7,10,17,22,60
19/10/2005,707,1,8,10,36,43,51
22/10/2005,708,7,9,13,39,45,47
26/10/2005,709,4,6,9,22,29,44
29/10/2005,710,5,25,34,39,46,49
05/11/2005,711,5,10,33,40,41,59
09/11/2005,712,7,8,35,43,53,58
12/11/2005,713,1,12,16,26,46,54
16/11/2005,714,7,8,17,35,39,53
19/11/2005,715,4,12,24,33,36,54
23/11/2005,716,2,7,16,29,32,50
26/11/2005,717,6,17,23,28,35,41
30/11/2005,718,7,21,33,35,39,58
03/12/2005,719,3,32,37,39,47,53
07/12/2005,720,12,31,44,51,54,56
10/12/2005,721,3,14,23,25,36,55
14/12/2005,722,9,18,36,44,57,60
17/12/2005,723,1,6,16,36,50,52
21/12/2005,724,17,27,34,48,51,55
31/12/2005,725,3,9,35,37,41,49
04/01/2006,726,1,5,7,37,40,47
07/01/2006,727,4,12,14,30,42,59
11/01/2006,728,8,13,24,32,42,44
14/01/2006,729,5,18,33,43,56,57
18/01/2006,730,2,15,16,45,50,54
21/01/2006,731,6,15,16,23,28,35
25/01/2006,732,6,17,19,49,50,53
28/01/2006,733,2,12,26,31,43,46
01/02/2006,734,27,29,43,44,45,54
04/02/2006,735,9,15,38,40,42,52
08/02/2006,736,1,21,38,41,49,56
11/02/2006,737,11,12,24,32,33,38
15/02/2006,738,14,15,26,30,42,54
18/02/2006,739,6,10,35,45,49,56
22/02/2006,740,12,16,28,29,47,50
25/02/2006,741,24,26,27,36,39,59
01/03/2006,742,2,7,17,34,41,50
04/03/2006,743,20,23,25,32,54,60
08/03/2006,744,4,12,23,26,39,46
11/03/2006,745,2,16,21,37,43,57
15/03/2006,746,1,10,12,25,49,57
18/03/2006,747,2,3,12,21,23,56
22/03/2006,748,1,2,7,19,35,51
25/03/2006,749,4,24,47,48,50,57
29/03/2006,750,10,17,33,42,54,58
01/04/2006,751,4,7,20,25,38,50
05/04/2006,752,4,23,24,25,29,42
08/04/2006,753,2,7,22,35,43,59
12/04/2006,754,3,4,13,34,42,50
15/04/2006,755,4,12,30,47,49,59
19/04/2006,756,5,27,37,38,41,50
22/04/2006,757,12,17,18,30,32,58
26/04/2006,758,1,23,36,43,47,59
29/04/2006,759,30,31,39,45,48,59
03/05/2006,760,12,17,44,45,46,60
06/05/2006,761,13,17,27,29,40,56
10/05/2006,762,9,12,21,37,39,54
13/05/2006,763,1,9,26,40,47,48
18/05/2006,764,3,7,45,47,53,55
21/05/2006,765,3,10,16,30,37,50
24/05/2006,766,1,19,24,42,50,58
27/05/2006,767,15,22,32,38,50,54
31/05/2006,768,4,8,30,33,37,59
03/06/2006,769,12,16,20,21,29,50
07/06/2006,770,4,12,25,34,35,48
10/06/2006,771,14,21,29,34,46,47
14/06/2006,772,10,35,38,51,52,60
17/06/2006,773,3,5,14,29,34,51
21/06/2006,774,5,10,37,46,54,58
24/06/2006,775,12,27,42,46,47,50
28/06/2006,776,3,15,35,41,57,60
01/07/2006,777,2,14,23,28,50,56
05/07/2006,778,20,31,36,37,45,51
08/07/2006,779,25,26,29,36,52,54
12/07/2006,780,7,10,28,50,51,59
15/07/2006,781,8,10,13,39,54,56
19/07/2006,782,2,11,23,35,42,59
22/07/2006,783,4,8,21,32,43,48
26/07/2006,784,8,27,37,42,53,56
29/07/2006,785,5,8,17,35,37,48
02/08/2006,786,10,11,26,27,31,41
05/08/2006,787,20,31,34,37,54,60
09/08/2006,788,17,19,29,31,44,57
12/08/2006,789,6,31,38,39,50,60
16/08/2006,790,2,6,19,22,28,43
19/08/2006,791,9,14,19,35,42,58
23/08/2006,792,9,29,34,43,45,56
26/08/2006,793,3,15,16,33,51,57
30/08/2006,794,3,38,42,47,55,56
02/09/2006,795,14,21,26,29,36,48
06/09/2006,796,5,19,24,34,39,43
09/09/2006,797,6,12,47,48,52,58
13/09/2006,798,3,4,9,29,32,52
16/09/2006,799,19,29,35,42,55,57
20/09/2006,800,1,7,11,37,38,56
23/09/2006,801,11,19,20,22,42,48
27/09/2006,802,6,14,18,24,48,60
30/09/2006,803,3,5,10,21,28,57
04/10/2006,804,3,13,37,47,56,59
07/10/2006,805,2,30,36,43,48,60
12/10/2006,806,18,26,35,41,47,60
14/10/2006,807,2,8,27,32,49,56
18/10/2006,808,2,15,21,31,46,57
21/10/2006,809,5,11,15,23,25,30
25/10/2006,810,1,4,5,33,37,48
28/10/2006,811,10,28,32,41,47,57
01/11/2006,812,11,13,38,39,54,57
04/11/2006,813,9,15,23,45,46,56
08/11/2006,814,2,8,11,41,46,50
11/11/2006,815,9,19,37,39,50,57
16/11/2006,816,20,21,30,40,47,52
18/11/2006,817,10,29,30,34,43,52
22/11/2006,818,8,9,22,25,41,44
25/11/2006,819,5,19,25,46,51,58
29/11/2006,820,10,17,21,32,45,46
02/12/2006,821,4,29,33,36,38,42
06/12/2006,822,4,10,17,27,41,52
09/12/2006,823,1,15,26,51,54,59
13/12/2006,824,6,7,9,20,33,48
16/12/2006,825,10,21,28,40,41,47
19/12/2006,826,6,7,8,27,45,53
21/12/2006,827,18,24,30,42,51,56
23/12/2006,828,23,28,38,42,50,53
31/12/2006,829,10,14,32,47,50,56
03/01/2007,830,2,13,41,49,51,53
06/01/2007,831,3,32,33,42,48,50
10/01/2007,832,15,17,23,33,39,49
13/01/2007,833,13,16,46,53,57,58
17/01/2007,834,10,16,17,34,44,51
20/01/2007,835,18,31,33,49,57,58
24/01/2007,836,17,22,28,38,52,59
27/01/2007,837,5,6,16,24,34,60
31/01/2007,838,9,23,30,38,44,47
03/02/2007,839,7,8,11,18,37,43
07/02/2007,840,17,29,31,35,43,59
10/02/2007,841,7,22,32,36,38,51
14/02/2007,842,7,9,30,44,51,60
17/02/2007,843,1,16,34,36,45,48
24/02/2007,844,16,24,34,44,54,57
28/02/2007,845,14,19,20,40,48,52
03/03/2007,846,2,3,44,47,50,54
07/03/2007,847,14,15,27,42,44,48
10/03/2007,848,17,27,32,34,47,56
14/03/2007,849,8,9,39,44,49,58
17/03/2007,850,7,22,25,44,59,60
21/03/2007,851,3,16,19,32,35,58
24/03/2007,852,6,14,23,34,38,44
28/03/2007,853,30,38,46,51,56,59
31/03/2007,854,3,17,24,25,27,44
04/04/2007,855,3,24,31,42,43,53
07/04/2007,856,11,15,40,41,42,47
11/04/2007,857,2,3,17,49,50,59
14/04/2007,858,4,18,23,31,37,54
18/04/2007,859,9,12,34,46,47,57
23/04/2007,860,2,8,17,22,42,44
25/04/2007,861,39,40,42,47,59,60
28/04/2007,862,2,8,11,12,19,35
02/05/2007,863,15,24,32,50,53,57
05/05/2007,864,8,11,31,33,42,57
09/05/2007,865,23,26,27,41,51,53
12/05/2007,866,5,27,36,40,46,48
16/05/2007,867,10,19,26,28,44,54
19/05/2007,868,21,22,25,40,51,57
23/05/2007,869,27,29,42,49,50,51
26/05/2007,870,8,21,34,40,43,52
30/05/2007,871,1,5,10,17,47,58
02/06/2007,872,5,18,31,43,55,58
06/06/2007,873,4,19,30,34,57,59
09/06/2007,874,10,20,42,44,52,59
13/06/2007,875,18,20,24,36,53,58
16/06/2007,876,4,8,12,41,45,60
20/06/2007,877,13,15,20,28,31,36
23/06/2007,878,11,12,37,38,43,54
27/06/2007,879,10,28,29,35,42,46
30/06/2007,880,25,30,37,46,49,51
04/07/2007,881,4,18,24,43,51,56
07/07/2007,882,17,41,42,44,45,60
11/07/2007,883,21,32,37,52,53,60
14/07/2007,884,2,11,12,14,22,39
18/07/2007,885,4,13,31,33,47,51
21/07/2007,886,17,33,37,50,55,59
25/07/2007,887,1,12,21,32,34,44
28/07/2007,888,24,40,50,52,54,60
01/08/2007,889,20,24,34,39,54,60
04/08/2007,890,7,9,17,21,22,54
08/08/2007,891,15,16,19,22,34,35
11/08/2007,892,1,19,42,44,49,52
15/08/2007,893,3,18,26,51,53,56
18/08/2007,894,20,24,28,37,41,44
22/08/2007,895,2,41,43,55,57,58
25/08/2007,896,5,11,22,31,35,41
29/08/2007,897,7,21,22,43,46,57
01/09/2007,898,3,4,8,30,45,54
05/09/2007,899,18,20,36,53,54,58
08/09/2007,900,4,18,21,34,38,59
12/09/2007,901,13,16,32,33,34,56
15/09/2007,902,18,23,50,52,55,58
19/09/2007,903,5,17,20,32,41,55
22/09/2007,904,32,44,48,51,53,59
26/09/2007,905,2,4,15,16,55,57
29/09/2007,906,7,14,24,29,35,39
03/10/2007,907,9,36,37,41,51,53
06/10/2007,908,1,9,19,25,50,52
10/10/2007,909,17,22,26,28,38,42
13/10/2007,910,3,15,27,29,36,53
17/10/2007,911,1,6,28,29,46,49
20/10/2007,912,4,19,21,26,29,54
24/10/2007,913,14,30,36,38,46,59
27/10/2007,914,9,12,23,33,45,51
31/10/2007,915,17,20,26,28,48,49
03/11/2007,916,5,28,33,36,37,38
07/11/2007,917,23,25,30,46,47,59
10/11/2007,918,4,8,12,38,44,52
14/11/2007,919,3,25,31,41,43,60
17/11/2007,920,5,17,24,52,55,57
21/11/2007,921,1,9,35,41,48,57
24/11/2007,922,12,13,19,41,45,49
28/11/2007,923,2,15,39,50,53,57
01/12/2007,924,2,20,21,27,51,60
05/12/2007,925,8,22,36,37,46,52
08/12/2007,926,21,33,34,40,41,59
12/12/2007,927,19,23,26,31,33,36
15/12/2007,928,4,10,32,33,49,60
19/12/2007,929,16,27,35,39,49,57
22/12/2007,930,20,28,37,46,49,55
31/12/2007,931,7,17,19,34,36,39
05/01/2008,932,2,17,21,36,42,53
09/01/2008,933,8,14,25,39,45,51
12/01/2008,934,1,3,21,25,44,48
16/01/2008,935,7,13,18,29,31,45
19/01/2008,936,5,14,22,29,33,44
23/01/2008,937,2,21,22,30,41,52
26/01/2008,938,15,27,35,50,57,59
30/01/2008,939,6,19,23,37,49,50
02/02/2008,940,5,25,31,33,37,51
06/02/2008,941,10,11,15,27,53,60
09/02/2008,942,5,8,18,42,52,59
13/02/2008,943,3,12,23,41,47,58
16/02/2008,944,16,37,43,52,58,59
20/02/2008,945,4,8,27,44,54,59
23/02/2008,946,1,5,12,47,52,59
27/02/2008,947,3,5,11,14,33,58
01/03/2008,948,22,41,44,46,52,54
05/03/2008,949,1,23,41,44,51,52
08/03/2008,950,23,41,42,48,49,59
12/03/2008,951,14,24,34,39,49,55
15/03/2008,952,2,11,18,27,30,54
19/03/2008,953,1,16,39,42,48,55
22/03/2008,954,5,8,18,24,33,57
26/03/2008,955,5,12,21,32,33,35
29/03/2008,956,46,47,51,54,57,59
02/04/2008,957,24,25,32,34,50,57
05/04/2008,958,7,13,22,33,48,51
09/04/2008,959,3,5,11,33,39,57
12/04/2008,960,6,18,19,33,34,53
16/04/2008,961,2,4,16,21,36,53
19/04/2008,962,2,11,40,48,49,55
23/04/2008,963,15,17,37,48,50,59
26/04/2008,964,8,13,20,26,33,42
30/04/2008,965,5,30,36,39,57,58
03/05/2008,966,1,4,26,28,41,58
07/05/2008,967,5,13,14,18,30,57
10/05/2008,968,1,4,13,30,51,60
14/05/2008,969,13,25,35,41,50,56
17/05/2008,970,5,21,28,34,54,57
21/05/2008,971,4,11,14,33,44,45
24/05/2008,972,15,18,31,33,34,56
28/05/2008,973,1,8,30,36,47,53
31/05/2008,974,12,16,20,31,38,45
04/06/2008,975,9,30,33,37,40,41
07/06/2008,976,14,23,25,28,38,53
11/06/2008,977,3,5,7,9,17,32
14/06/2008,978,12,16,18,27,42,58
18/06/2008,979,3,15,28,31,39,51
21/06/2008,980,15,17,29,35,36,59
25/06/2008,981,1,8,34,41,53,58
28/06/2008,982,8,12,24,40,43,49
02/07/2008,983,16,22,32,38,40,45
05/07/2008,984,4,10,20,43,46,47
09/07/2008,985,4,16,18,46,56,59
12/07/2008,986,6,15,19,24,31,32
16/07/2008,987,13,27,31,34,47,58
19/07/2008,988,8,17,46,48,56,60
23/07/2008,989,2,21,27,29,32,38
26/07/2008,990,2,10,15,18,29,39
30/07/2008,991,8,9,15,38,41,60
02/08/2008,992,1,4,6,8,25,28
06/08/2008,993,5,24,25,26,42,60
09/08/2008,994,3,20,29,40,44,58
13/08/2008,995,4,16,31,36,54,55
16/08/2008,996,7,15,20,21,23,29
20/08/2008,997,9,17,18,32,53,55
23/08/2008,998,3,4,21,22,28,32
27/08/2008,999,18,24,36,44,55,58
30/08/2008,1000,29,38,39,49,53,58
03/09/2008,1001,12,15,27,37,51,60
06/09/2008,1002,3,7,25,31,40,58
10/09/2008,1003,5,10,16,23,26,27
13/09/2008,1004,29,40,43,44,45,47
17/09/2008,1005,4,6,12,37,41,42
20/09/2008,1006,2,4,17,33,48,55
24/09/2008,1007,4,27,36,37,49,52
27/09/2008,1008,7,13,15,34,42,48
01/10/2008,1009,1,6,12,29,34,58
04/10/2008,1010,2,3,13,37,46,54
08/10/2008,1011,2,11,21,30,35,52
11/10/2008,1012,14,19,40,47,55,58
15/10/2008,1013,7,9,12,19,20,41
18/10/2008,1014,8,9,25,41,57,60
22/10/2008,1015,3,8,17,26,28,49
25/10/2008,1016,5,9,11,20,25,60
29/10/2008,1017,6,19,31,34,51,56
01/11/2008,1018,9,24,44,51,55,58
05/11/2008,1019,4,13,23,29,46,47
08/11/2008,1020,1,2,19,32,39,52
12/11/2008,1021,2,33,42,43,51,55
16/11/2008,1022,5,21,31,39,40,56
19/11/2008,1023,2,7,8,18,40,45
22/11/2008,1024,18,22,28,29,39,53
26/11/2008,1025,10,27,28,29,40,52
29/11/2008,1026,6,10,17,33,51,53
03/12/2008,1027,18,20,33,44,47,60
06/12/2008,1028,20,26,34,51,52,54
10/12/2008,1029,5,16,17,20,24,32
13/12/2008,1030,1,8,23,37,54,57
17/12/2008,1031,24,33,40,43,46,49
20/12/2008,1032,15,16,26,29,43,57
24/12/2008,1033,5,6,17,33,39,54
27/12/2008,1034,1,3,18,20,42,49
31/12/2008,1035,1,11,26,51,59,60
03/01/2009,1036,10,27,36,39,41,52
07/01/2009,1037,4,36,44,46,53,56
10/01/2009,1038,6,7,28,35,43,51
14/01/2009,1039,2,20,24,27,36,52
17/01/2009,1040,1,6,28,39,44,55
21/01/2009,1041,10,12,36,44,54,57
24/01/2009,1042,13,18,25,30,46,51
28/01/2009,1043,14,21,25,48,51,60
31/01/2009,1044,10,11,13,35,39,58
04/02/2009,1045,1,5,6,17,31,50
07/02/2009,1046,28,40,42,54,55,57
11/02/2009,1047,1,2,8,10,14,48
14/02/2009,1048,3,16,21,28,38,57
18/02/2009,1049,2,5,17,29,34,52
21/02/2009,1050,14,24,26,33,45,60
25/02/2009,1051,7,10,11,13,43,57
28/02/2009,1052,8,11,15,16,52,57
04/03/2009,1053,15,27,34,42,49,53
07/03/2009,1054,13,14,18,27,41,60
11/03/2009,1055,12,15,16,20,27,32
14/03/2009,1056,6,8,38,50,53,59
18/03/2009,1057,2,3,4,15,49,59
21/03/2009,1058,18,20,24,45,51,57
25/03/2009,1059,1,12,14,16,37,45
28/03/2009,1060,1,3,16,18,41,42
01/04/2009,1061,9,21,23,30,41,56
04/04/2009,1062,2,8,23,33,37,55
08/04/2009,1063,1,22,44,47,49,50
11/04/2009,1064,4,16,19,28,29,49
15/04/2009,1065,7,19,30,39,43,57
18/04/2009,1066,6,10,25,32,43,49
22/04/2009,1067,4,10,14,25,28,56
25/04/2009,1068,25,27,44,47,48,57
29/04/2009,1069,9,17,28,45,49,53
02/05/2009,1070,5,8,16,23,41,53
06/05/2009,1071,5,7,37,43,53,54
09/05/2009,1072,9,18,19,43,47,54
13/05/2009,1073,8,25,32,34,36,44
16/05/2009,1074,3,10,23,29,47,50
20/05/2009,1075,10,12,16,21,39,53
23/05/2009,1076,4,10,19,32,33,42
27/05/2009,1077,5,6,9,11,18,37
30/05/2009,1078,3,6,34,41,43,45
03/06/2009,1079,5,12,24,28,36,37
06/06/2009,1080,11,18,20,34,41,56
10/06/2009,1081,9,16,24,29,52,56
13/06/2009,1082,4,17,38,40,50,55
17/06/2009,1083,10,20,23,28,42,43
20/06/2009,1084,5,20,29,33,40,59
24/06/2009,1085,12,21,39,40,50,55
27/06/2009,1086,2,4,6,10,23,45
01/07/2009,1087,3,20,28,32,36,46
04/07/2009,1088,6,24,31,35,42,57
08/07/2009,1089,2,18,20,32,37,48
11/07/2009,1090,9,20,24,36,40,42
15/07/2009,1091,17,23,24,27,49,56
18/07/2009,1092,1,9,30,33,34,40
22/07/2009,1093,19,23,27,38,41,49
25/07/2009,1094,9,10,21,36,41,48
29/07/2009,1095,10,16,21,23,27,36
01/08/2009,1096,3,13,14,16,41,52
05/08/2009,1097,1,17,21,33,48,56
08/08/2009,1098,11,20,21,30,50,52
12/08/2009,1099,14,31,35,38,44,55
15/08/2009,1100,7,17,18,33,41,42
19/08/2009,1101,6,7,10,12,24,57
22/08/2009,1102,9,11,23,35,46,51
26/08/2009,1103,10,19,28,41,55,56
29/08/2009,1104,2,3,6,35,49,58
02/09/2009,1105,1,15,28,43,50,57
05/09/2009,1106,4,15,43,47,50,60
09/09/2009,1107,3,9,20,36,53,54
12/09/2009,1108,7,9,39,43,44,60
16/09/2009,1109,6,8,11,14,29,52
19/09/2009,1110,6,14,26,28,42,45
23/09/2009,1111,4,9,25,32,33,43
26/09/2009,1112,4,32,34,43,52,58
30/09/2009,1113,3,6,29,36,47,59
03/10/2009,1114,3,15,16,22,25,54
07/10/2009,1115,18,30,37,41,44,50
10/10/2009,1116,4,9,13,17,20,47
14/10/2009,1117,1,6,17,27,35,40
17/10/2009,1118,8,20,21,43,44,55
21/10/2009,1119,10,34,41,44,45,54
24/10/2009,1120,7,35,40,44,50,55
28/10/2009,1121,4,17,18,54,56,59
31/10/2009,1122,26,44,46,49,55,56
04/11/2009,1123,4,14,19,39,45,60
07/11/2009,1124,7,11,16,18,33,49
11/11/2009,1125,3,7,29,33,42,56
14/11/2009,1126,4,31,42,52,57,59
18/11/2009,1127,5,8,14,24,29,30
21/11/2009,1128,8,16,24,39,52,60
25/11/2009,1129,12,17,19,32,47,55
28/11/2009,1130,5,18,23,32,49,54
02/12/2009,1131,1,8,16,34,36,49
05/12/2009,1132,12,27,30,33,52,55
09/12/2009,1133,5,10,16,21,39,58
12/12/2009,1134,9,22,29,36,51,56
16/12/2009,1135,4,5,6,19,23,39
19/12/2009,1136,7,31,32,34,37,43
22/12/2009,1137,19,21,25,28,43,50
24/12/2009,1138,2,4,15,18,25,36
26/12/2009,1139,9,28,31,36,37,42
31/12/2009,1140,10,27,40,46,49,58
02/01/2010,1141,9,37,40,50,58,60
06/01/2010,1142,3,15,26,28,31,58
09/01/2010,1143,3,30,35,44,47,60
13/01/2010,1144,1,10,18,19,44,49
16/01/2010,1145,3,16,19,24,33,60
20/01/2010,1146,6,10,28,33,34,53
23/01/2010,1147,6,23,31,33,39,52
27/01/2010,1148,27,28,29,32,48,55
30/01/2010,1149,7,8,23,36,46,54
03/02/2010,1150,15,17,28,31,35,52
06/02/2010,1151,1,4,14,21,25,51
10/02/2010,1152,14,20,29,36,44,47
13/02/2010,1153,6,17,19,34,46,55
17/02/2010,1154,4,12,14,21,26,28
20/02/2010,1155,20,28,40,41,51,58
24/02/2010,1156,9,24,31,44,48,49
27/02/2010,1157,9,29,41,43,46,49
03/03/2010,1158,23,30,31,54,55,60
06/03/2010,1159,5,6,34,46,53,55
10/03/2010,1160,1,3,5,18,40,48
13/03/2010,1161,4,7,42,47,48,51
17/03/2010,1162,18,22,25,30,31,41
20/03/2010,1163,5,17,31,47,51,53
24/03/2010,1164,6,14,17,26,40,49
27/03/2010,1165,20,40,42,52,54,60
31/03/2010,1166,22,28,30,31,35,54
03/04/2010,1167,20,28,43,51,52,56
07/04/2010,1168,4,5,20,47,53,56
10/04/2010,1169,1,11,14,23,42,48
14/04/2010,1170,11,13,27,34,46,49
17/04/2010,1171,3,10,13,30,41,57
20/04/2010,1172,6,12,28,43,52,56
24/04/2010,1173,5,7,24,25,36,47
28/04/2010,1174,6,7,39,47,51,52
30/04/2010,1175,2,3,12,16,37,47
05/05/2010,1176,11,14,21,30,33,49
08/05/2010,1177,33,38,47,50,52,55
12/05/2010,1178,1,22,30,45,50,53
15/05/2010,1179,5,22,28,47,59,60
19/05/2010,1180,12,30,34,44,57,60
22/05/2010,1181,18,20,26,31,44,45
26/05/2010,1182,2,4,29,52,56,60
29/05/2010,1183,5,10,12,20,29,37
02/06/2010,1184,4,9,23,27,28,30
05/06/2010,1185,2,10,21,35,43,54
09/06/2010,1186,7,8,12,13,15,41
12/06/2010,1187,8,17,19,40,43,49
16/06/2010,1188,9,20,44,52,59,60
19/06/2010,1189,14,21,27,31,35,50
23/06/2010,1190,10,11,19,37,53,56
26/06/2010,1191,3,11,16,22,25,33
30/06/2010,1192,17,20,49,52,57,59
03/07/2010,1193,2,9,12,14,32,54
07/07/2010,1194,6,13,24,41,50,53
10/07/2010,1195,17,20,26,27,55,57
14/07/2010,1196,3,6,19,20,58,60
17/07/2010,1197,36,37,39,49,54,60
21/07/2010,1198,22,29,36,41,48,58
24/07/2010,1199,16,19,23,28,39,58
28/07/2010,1200,3,10,11,39,54,56
31/07/2010,1201,28,32,36,49,55,60
04/08/2010,1202,8,9,11,48,53,60
07/08/2010,1203,7,9,30,33,38,55
11/08/2010,1204,5,10,25,39,43,52
14/08/2010,1205,4,13,14,26,29,35
18/08/2010,1206,2,6,11,36,37,48
21/08/2010,1207,9,11,22,32,35,56
25/08/2010,1208,1,12,20,26,45,54
28/08/2010,1209,5,14,17,30,35,38
01/09/2010,1210,3,7,9,10,31,34
04/09/2010,1211,3,15,31,36,48,54
08/09/2010,1212,2,23,33,35,40,50
11/09/2010,1213,3,11,26,34,45,53
15/09/2010,1214,5,29,30,36,41,48
18/09/2010,1215,10,25,30,47,50,51
22/09/2010,1216,4,7,13,25,27,58
25/09/2010,1217,5,11,15,28,43,50
29/09/2010,1218,10,23,29,31,33,46
02/10/2010,1219,2,33,34,37,41,53
06/10/2010,1220,5,15,43,48,52,55
09/10/2010,1221,5,14,37,43,46,58
13/10/2010,1222,5,8,19,26,48,57
16/10/2010,1223,15,17,35,42,47,48
20/10/2010,1224,19,21,27,41,53,57
23/10/2010,1225,31,32,34,40,50,55
27/10/2010,1226,10,31,40,50,55,56
30/10/2010,1227,4,28,30,31,35,54
03/11/2010,1228,10,23,36,50,52,60
06/11/2010,1229,12,30,32,40,49,60
10/11/2010,1230,9,12,19,22,35,37
13/11/2010,1231,5,20,23,27,39,49
17/11/2010,1232,8,11,12,15,18,22
20/11/2010,1233,22,29,32,49,54,59
24/11/2010,1234,3,5,19,24,30,35
27/11/2010,1235,10,16,20,26,49,55
01/12/2010,1236,3,8,17,20,38,53
04/12/2010,1237,5,18,21,26,39,59
08/12/2010,1238,13,14,24,39,40,45
11/12/2010,1239,1,15,37,39,48,52
15/12/2010,1240,8,9,12,22,42,49
18/12/2010,1241,10,13,25,26,28,45
20/12/2010,1242,11,34,45,48,51,54
22/12/2010,1243,9,19,23,29,32,57
24/12/2010,1244,2,8,15,25,34,45
31/12/2010,1245,2,10,34,37,43,50
05/01/2011,1246,10,37,40,43,57,59
08/01/2011,1247,3,9,11,24,36,51
12/01/2011,1248,20,33,34,57,58,60
15/01/2011,1249,3,8,36,40,51,53
19/01/2011,1250,1,2,24,40,51,59
22/01/2011,1251,5,27,34,46,48,52
26/01/2011,1252,2,14,35,39,49,51
29/01/2011,1253,2,17,23,43,44,51
02/02/2011,1254,7,9,14,18,29,39
05/02/2011,1255,5,23,38,39,51,54
09/02/2011,1256,26,33,35,38,43,53
12/02/2011,1257,2,15,26,27,30,52
16/02/2011,1258,11,26,47,55,57,59
19/02/2011,1259,4,6,39,46,54,58
23/02/2011,1260,19,23,29,31,41,53
26/02/2011,1261,10,14,22,41,42,53
02/03/2011,1262,5,7,8,9,11,39
05/03/2011,1263,4,18,26,36,41,53
09/03/2011,1264,4,17,36,37,51,56
12/03/2011,1265,13,19,24,46,50,60
16/03/2011,1266,6,10,33,39,42,60
19/03/2011,1267,4,20,30,41,47,58
23/03/2011,1268,3,16,17,44,53,60
26/03/2011,1269,4,5,15,17,27,51
30/03/2011,1270,5,9,24,31,33,42
02/04/2011,1271,1,2,39,48,52,59
06/04/2011,1272,13,26,27,28,35,52
09/04/2011,1273,13,19,26,40,58,60
13/04/2011,1274,13,17,21,39,40,59
16/04/2011,1275,2,14,48,55,58,60
20/04/2011,1276,5,9,11,22,36,40
23/04/2011,1277,12,18,31,50,59,60
27/04/2011,1278,4,16,24,25,30,56
30/04/2011,1279,8,14,29,35,36,40
04/05/2011,1280,6,10,16,20,29,54
07/05/2011,1281,8,11,14,30,36,38
11/05/2011,1282,4,23,39,52,55,56
14/05/2011,1283,8,30,40,44,59,60
18/05/2011,1284,20,21,26,29,31,36
21/05/2011,1285,10,15,28,31,33,38
25/05/2011,1286,2,5,28,33,51,52
28/05/2011,1287,11,12,31,33,42,52
01/06/2011,1288,17,30,32,40,42,56
04/06/2011,1289,1,3,8,13,27,52
08/06/2011,1290,2,3,14,23,34,50
11/06/2011,1291,18,40,47,54,57,58
15/06/2011,1292,9,11,23,30,31,54
18/06/2011,1293,1,13,24,40,44,50
22/06/2011,1294,4,6,29,48,50,51
25/06/2011,1295,2,5,15,20,43,57
29/06/2011,1296,10,14,43,46,49,53
02/07/2011,1297,2,5,11,13,56,59
06/07/2011,1298,14,15,30,53,55,60
09/07/2011,1299,8,22,32,43,53,56
13/07/2011,1300,43,44,46,53,54,59
16/07/2011,1301,3,16,23,25,51,56
20/07/2011,1302,2,10,15,44,56,57
23/07/2011,1303,8,19,46,51,52,54
27/07/2011,1304,7,14,15,20,23,35
30/07/2011,1305,3,5,11,36,44,46
03/08/2011,1306,6,19,22,34,43,45
06/08/2011,1307,7,10,32,43,47,54
09/08/2011,1308,7,8,24,30,33,47
11/08/2011,1309,7,12,25,26,32,39
13/08/2011,1310,8,9,14,32,53,59
17/08/2011,1311,7,9,12,19,45,54
20/08/2011,1312,5,20,22,28,29,30
24/08/2011,1313,1,4,26,39,43,49
27/08/2011,1314,38,42,44,52,58,60
31/08/2011,1315,1,27,29,38,50,52
03/09/2011,1316,8,13,25,34,42,48
08/09/2011,1317,6,13,29,30,35,37
10/09/2011,1318,11,14,16,28,34,46
14/09/2011,1319,4,5,16,18,27,51
17/09/2011,1320,17,24,25,38,41,55
21/09/2011,1321,10,47,51,53,59,60
24/09/2011,1322,10,21,43,47,53,55
28/09/2011,1323,6,15,25,37,48,55
01/10/2011,1324,18,29,31,44,51,57
05/10/2011,1325,2,5,16,20,35,43
08/10/2011,1326,10,11,18,19,30,50
13/10/2011,1327,16,35,36,41,52,54
15/10/2011,1328,10,23,27,43,53,59
19/10/2011,1329,7,8,11,39,43,50
22/10/2011,1330,8,18,21,30,48,49
26/10/2011,1331,9,24,26,39,46,57
29/10/2011,1332,3,5,13,24,35,59
03/11/2011,1333,25,26,28,33,42,51
05/11/2011,1334,1,6,8,10,25,27
09/11/2011,1335,3,14,20,22,49,51
12/11/2011,1336,1,32,38,47,51,54
16/11/2011,1337,2,20,35,38,45,51
19/11/2011,1338,1,18,19,33,43,60
23/11/2011,1339,7,10,14,16,54,59
26/11/2011,1340,13,21,30,36,59,60
30/11/2011,1341,1,11,20,37,40,52
03/12/2011,1342,5,7,42,46,50,60
07/12/2011,1343,19,20,31,42,51,56
10/12/2011,1344,8,19,21,36,42,59
14/12/2011,1345,7,17,19,26,40,50
17/12/2011,1346,12,32,40,47,48,59
20/12/2011,1347,9,19,45,46,54,56
22/12/2011,1348,7,12,38,39,45,56
24/12/2011,1349,9,19,20,50,51,60
31/12/2011,1350,3,4,29,36,45,55
04/01/2012,1351,13,33,36,41,50,56
07/01/2012,1352,9,18,24,35,36,59
11/01/2012,1353,3,11,13,27,32,47
14/01/2012,1354,2,8,38,42,48,49
18/01/2012,1355,11,17,24,39,46,49
21/01/2012,1356,6,13,21,22,31,46
25/01/2012,1357,1,19,24,26,52,55
28/01/2012,1358,3,15,16,35,37,47
01/02/2012,1359,6,10,12,17,28,53
04/02/2012,1360,2,16,17,25,50,54
08/02/2012,1361,23,27,30,37,38,44
11/02/2012,1362,2,12,19,22,36,58
15/02/2012,1363,25,35,42,45,52,57
18/02/2012,1364,10,13,20,40,44,53
22/02/2012,1365,2,24,26,32,35,50
25/02/2012,1366,12,27,37,44,54,59
01/03/2012,1367,2,7,13,29,38,43
03/03/2012,1368,10,21,26,29,32,38
07/03/2012,1369,5,16,24,32,38,46
10/03/2012,1370,2,4,5,27,49,59
14/03/2012,1371,3,4,8,11,47,49
17/03/2012,1372,3,36,40,46,58,60
21/03/2012,1373,7,27,39,52,55,57
24/03/2012,1374,6,21,28,31,33,43
28/03/2012,1375,14,25,28,45,53,58
31/03/2012,1376,9,11,21,49,53,54
04/04/2012,1377,2,5,12,13,25,35
07/04/2012,1378,2,5,17,18,54,59
11/04/2012,1379,5,12,36,45,50,58
14/04/2012,1380,3,14,52,55,57,60
18/04/2012,1381,11,27,30,40,44,57
20/04/2012,1382,5,13,16,17,27,55
25/04/2012,1383,7,9,23,44,46,55
28/04/2012,1384,2,18,30,31,45,56
02/05/2012,1385,27,35,36,37,42,59
05/05/2012,1386,12,28,38,39,51,56
09/05/2012,1387,18,27,32,43,50,52
12/05/2012,1388,22,29,31,43,50,54
16/05/2012,1389,1,16,28,39,44,57
19/05/2012,1390,4,19,27,28,29,31
23/05/2012,1391,7,12,19,34,40,53
26/05/2012,1392,2,8,12,28,33,43
30/05/2012,1393,4,18,24,28,39,44
02/06/2012,1394,11,16,24,35,46,50
06/06/2012,1395,5,11,17,19,44,48
09/06/2012,1396,29,48,52,54,55,58
13/06/2012,1397,3,4,7,15,27,56
16/06/2012,1398,14,32,33,40,42,51
20/06/2012,1399,34,39,43,56,57,60
23/06/2012,1400,9,26,34,43,53,54
27/06/2012,1401,11,12,25,33,48,54
30/06/2012,1402,2,9,10,21,27,38
04/07/2012,1403,13,16,20,26,39,42
07/07/2012,1404,7,8,27,31,32,51
11/07/2012,1405,3,14,17,32,37,39
14/07/2012,1406,7,10,17,24,38,57
18/07/2012,1407,18,29,31,42,43,53
21/07/2012,1408,4,19,20,24,39,43
25/07/2012,1409,6,19,26,47,50,58
28/07/2012,1410,18,29,40,42,50,54
01/08/2012,1411,8,12,32,44,46,48
04/08/2012,1412,6,8,24,37,41,45
07/08/2012,1413,13,15,33,45,54,55
09/08/2012,1414,21,37,44,46,49,57
11/08/2012,1415,26,36,40,46,49,51
15/08/2012,1416,3,19,22,24,35,49
18/08/2012,1417,5,12,45,52,56,59
22/08/2012,1418,7,8,10,12,27,56
25/08/2012,1419,17,21,30,48,52,58
29/08/2012,1420,2,11,16,18,36,45
01/09/2012,1421,19,31,39,44,53,59
05/09/2012,1422,2,5,13,17,39,44
08/09/2012,1423,3,8,21,25,27,43
12/09/2012,1424,3,7,15,29,38,60
15/09/2012,1425,7,16,29,36,38,50
19/09/2012,1426,6,15,18,24,30,44
22/09/2012,1427,8,39,44,47,53,56
26/09/2012,1428,7,15,19,34,37,55
29/09/2012,1429,9,12,22,39,48,60
03/10/2012,1430,2,19,22,30,46,52
06/10/2012,1431,5,9,13,33,40,54
10/10/2012,1432,16,24,25,42,45,59
13/10/2012,1433,4,13,14,40,46,52
17/10/2012,1434,3,18,22,34,55,58
20/10/2012,1435,4,15,45,47,50,52
24/10/2012,1436,1,13,23,24,30,57
27/10/2012,1437,22,23,26,37,38,48
31/10/2012,1438,7,14,31,33,36,49
03/11/2012,1439,2,34,35,42,43,55
07/11/2012,1440,2,6,28,36,51,56
10/11/2012,1441,17,29,36,38,53,56
14/11/2012,1442,12,13,20,30,34,49
17/11/2012,1443,12,20,32,48,52,54
21/11/2012,1444,2,5,27,28,48,55
24/11/2012,1445,5,19,32,41,49,58
28/11/2012,1446,6,13,24,32,40,51
01/12/2012,1447,1,19,28,33,39,41
05/12/2012,1448,1,25,29,36,56,60
08/12/2012,1449,2,6,18,30,52,56
12/12/2012,1450,26,27,31,38,44,45
15/12/2012,1451,2,10,11,33,52,57
18/12/2012,1452,2,14,28,50,57,58
20/12/2012,1453,6,13,25,32,47,57
22/12/2012,1454,4,27,29,41,48,52
31/12/2012,1455,14,32,33,36,41,52
02/01/2013,1456,6,8,14,26,36,40
05/01/2013,1457,15,16,34,42,46,59
09/01/2013,1458,2,4,16,33,44,51
12/01/2013,1459,2,6,30,34,35,52
16/01/2013,1460,4,14,27,38,50,52
19/01/2013,1461,31,36,44,47,49,54
23/01/2013,1462,5,9,25,27,38,40
26/01/2013,1463,13,22,28,29,40,48
30/01/2013,1464,2,24,32,50,54,59
02/02/2013,1465,6,11,16,26,44,53
06/02/2013,1466,4,6,13,34,37,51
09/02/2013,1467,23,24,26,41,52,53
13/02/2013,1468,1,2,10,19,20,37
16/02/2013,1469,4,13,35,54,56,58
20/02/2013,1470,2,34,36,38,51,55
23/02/2013,1471,10,25,33,36,40,58
27/02/2013,1472,12,18,23,25,45,50
02/03/2013,1473,2,12,33,57,58,60
06/03/2013,1474,1,2,3,11,28,43
09/03/2013,1475,12,13,37,44,48,51
13/03/2013,1476,4,10,26,37,47,57
16/03/2013,1477,3,4,46,50,56,59
20/03/2013,1478,10,27,37,40,47,55
23/03/2013,1479,21,48,50,54,57,60
27/03/2013,1480,9,14,21,26,36,52
30/03/2013,1481,17,27,28,40,44,55
03/04/2013,1482,6,9,11,34,41,53
06/04/2013,1483,1,35,39,53,55,56
10/04/2013,1484,17,20,24,29,49,53
13/04/2013,1485,4,27,30,36,54,59
17/04/2013,1486,1,6,10,34,40,54
20/04/2013,1487,4,9,17,23,28,53
24/04/2013,1488,4,22,25,38,45,51
27/04/2013,1489,1,15,24,26,28,48
02/05/2013,1490,1,3,31,32,43,52
04/05/2013,1491,6,26,45,50,56,60
08/05/2013,1492,4,9,18,44,46,48
11/05/2013,1493,7,12,24,27,30,49
15/05/2013,1494,2,14,24,28,35,50
18/05/2013,1495,4,13,14,44,49,57
22/05/2013,1496,14,18,28,41,47,54
25/05/2013,1497,4,5,7,27,45,58
29/05/2013,1498,6,11,27,40,46,49
01/06/2013,1499,8,22,26,33,37,54
05/06/2013,1500,10,18,31,43,57,59
08/06/2013,1501,1,7,13,29,37,54
12/06/2013,1502,6,22,43,51,52,57
15/06/2013,1503,3,4,16,22,36,42
19/06/2013,1504,2,10,12,30,41,42
22/06/2013,1505,1,2,6,9,16,32
26/06/2013,1506,3,14,18,34,42,49
29/06/2013,1507,24,46,50,51,52,56
03/07/2013,1508,17,18,30,35,39,58
06/07/2013,1509,1,6,27,46,51,59
10/07/2013,1510,1,8,17,44,46,53
13/07/2013,1511,4,8,17,29,31,45
17/07/2013,1512,11,28,35,42,46,58
20/07/2013,1513,17,28,31,56,57,58
24/07/2013,1514,16,17,23,42,59,60
27/07/2013,1515,4,13,14,18,49,59
31/07/2013,1516,4,18,20,34,45,60
03/08/2013,1517,7,17,38,45,52,56
06/08/2013,1518,8,9,28,41,48,55
08/08/2013,1519,5,6,15,23,56,59
10/08/2013,1520,7,31,35,36,46,48
14/08/2013,1521,11,14,18,30,33,39
17/08/2013,1522,5,8,23,32,33,56
21/08/2013,1523,22,25,31,39,41,44
24/08/2013,1524,2,12,40,46,52,53
28/08/2013,1525,2,26,30,35,46,54
31/08/2013,1526,10,16,28,47,51,59
04/09/2013,1527,16,32,36,42,44,48
06/09/2013,1528,4,13,15,19,36,58
11/09/2013,1529,11,15,17,34,35,49
14/09/2013,1530,10,16,28,33,48,53
18/09/2013,1531,12,13,24,41,42,44
21/09/2013,1532,2,11,23,31,42,44
25/09/2013,1533,13,21,29,34,47,57
28/09/2013,1534,1,12,28,29,34,48
02/10/2013,1535,8,9,25,41,54,55
05/10/2013,1536,13,18,29,32,50,58
09/10/2013,1537,6,10,33,50,51,56
11/10/2013,1538,23,27,35,52,53,57
16/10/2013,1539,8,10,20,26,49,58
19/10/2013,1540,3,17,27,32,47,54
23/10/2013,1541,5,24,37,44,49,58
26/10/2013,1542,7,11,12,30,39,57
30/10/2013,1543,7,15,20,23,30,41
01/11/2013,1544,2,21,30,35,45,50
06/11/2013,1545,4,6,11,24,45,48
09/11/2013,1546,4,17,38,44,53,60
13/11/2013,1547,2,9,10,18,21,28
16/11/2013,1548,19,41,42,44,47,54
20/11/2013,1549,10,12,16,20,32,53
23/11/2013,1550,9,13,21,27,36,56
27/11/2013,1551,2,15,19,21,23,38
30/11/2013,1552,7,18,24,26,39,46
04/12/2013,1553,20,21,22,29,46,60
07/12/2013,1554,30,32,49,50,52,53
11/12/2013,1555,2,5,23,33,52,59
14/12/2013,1556,1,4,7,10,11,52
17/12/2013,1557,4,16,18,31,45,46
19/12/2013,1558,7,15,17,31,42,54
21/12/2013,1559,8,12,16,29,37,58
31/12/2013,1560,20,30,36,38,47,53
02/01/2014,1561,23,26,28,54,55,60
04/01/2014,1562,10,12,23,37,47,51
09/01/2014,1563,1,6,13,20,36,43
11/01/2014,1564,25,38,44,46,53,54
15/01/2014,1565,18,37,39,41,43,51
18/01/2014,1566,5,6,11,32,36,60
22/01/2014,1567,2,15,30,38,48,53
25/01/2014,1568,19,24,25,28,42,58
29/01/2014,1569,5,15,18,31,42,53
01/02/2014,1570,15,18,24,42,46,56
05/02/2014,1571,3,29,32,46,55,60
08/02/2014,1572,20,27,42,45,46,47
12/02/2014,1573,7,16,21,35,36,38
15/02/2014,1574,6,27,28,33,46,48
19/02/2014,1575,1,4,5,14,45,56
22/02/2014,1576,13,15,21,26,30,46
26/02/2014,1577,11,14,25,32,51,59
01/03/2014,1578,3,6,30,37,53,56
05/03/2014,1579,25,34,40,49,51,60
08/03/2014,1580,1,6,14,17,33,36
12/03/2014,1581,14,15,25,30,31,34
15/03/2014,1582,1,4,13,17,38,48
19/03/2014,1583,2,9,17,18,45,47
22/03/2014,1584,3,22,27,28,50,54
26/03/2014,1585,2,43,47,48,49,55
29/03/2014,1586,8,39,43,46,47,58
02/04/2014,1587,8,19,21,30,52,56
05/04/2014,1588,23,29,32,36,45,49
09/04/2014,1589,4,5,11,19,41,51
12/04/2014,1590,7,20,34,40,44,55
16/04/2014,1591,4,10,23,33,38,55
19/04/2014,1592,31,36,38,41,42,49
23/04/2014,1593,4,9,17,18,21,38
26/04/2014,1594,6,7,8,23,43,53
30/04/2014,1595,2,5,8,42,46,59
03/05/2014,1596,1,5,7,10,12,45
07/05/2014,1597,5,10,16,44,50,52
10/05/2014,1598,29,31,36,42,47,53
14/05/2014,1599,3,10,15,35,36,58
17/05/2014,1600,9,23,32,35,46,57
21/05/2014,1601,8,10,24,45,56,60
24/05/2014,1602,8,12,22,35,40,44
28/05/2014,1603,13,20,27,31,53,60
31/05/2014,1604,2,21,24,27,40,51
04/06/2014,1605,9,19,21,30,31,42
07/06/2014,1606,1,15,37,42,46,54
11/06/2014,1607,7,31,32,41,51,52
14/06/2014,1608,5,6,17,43,54,59
18/06/2014,1609,2,6,13,26,53,60
21/06/2014,1610,1,4,9,35,36,53
25/06/2014,1611,24,28,47,50,51,58
28/06/2014,1612,6,13,17,36,42,51
02/07/2014,1613,4,18,31,44,46,49
05/07/2014,1614,14,17,21,27,43,49
09/07/2014,1615,5,20,26,31,33,44
12/07/2014,1616,28,31,40,42,46,58
16/07/2014,1617,3,23,26,31,47,54
19/07/2014,1618,9,20,24,43,51,52
23/07/2014,1619,5,8,17,42,46,47
26/07/2014,1620,13,23,27,34,38,57
30/07/2014,1621,10,22,24,38,39,49
02/08/2014,1622,4,5,7,21,45,53
05/08/2014,1623,33,43,49,50,56,59
07/08/2014,1624,2,27,32,41,47,58
09/08/2014,1625,11,22,36,40,45,52
13/08/2014,1626,3,5,14,35,43,52
16/08/2014,1627,20,26,32,41,45,57
20/08/2014,1628,26,29,34,38,50,60
23/08/2014,1629,4,20,24,35,47,59
27/08/2014,1630,1,7,30,43,44,54
30/08/2014,1631,4,29,44,47,48,60
03/09/2014,1632,6,18,24,27,56,59
06/09/2014,1633,1,2,11,13,36,49
10/09/2014,1634,9,10,23,33,44,51
13/09/2014,1635,8,23,28,30,32,51
17/09/2014,1636,19,26,33,35,51,52
20/09/2014,1637,1,5,24,47,55,56
24/09/2014,1638,1,2,38,41,42,58
27/09/2014,1639,16,29,34,35,49,51
01/10/2014,1640,2,6,18,23,31,46
04/10/2014,1641,23,29,30,33,46,51
08/10/2014,1642,3,23,42,43,47,60
11/10/2014,1643,16,19,20,28,37,60
15/10/2014,1644,10,13,16,22,34,60
18/10/2014,1645,8,18,21,31,37,38
22/10/2014,1646,19,23,34,40,41,58
25/10/2014,1647,12,17,23,38,53,54
29/10/2014,1648,15,16,18,20,22,48
01/11/2014,1649,24,33,38,42,44,54
05/11/2014,1650,17,23,29,38,57,60
08/11/2014,1651,8,27,35,38,41,44
12/11/2014,1652,7,24,26,28,44,57
14/11/2014,1653,1,21,22,27,32,45
19/11/2014,1654,7,16,33,42,50,58
22/11/2014,1655,7,24,28,46,53,56
26/11/2014,1656,4,6,11,43,54,56
29/11/2014,1657,7,10,14,37,45,54
03/12/2014,1658,7,11,19,23,40,49
06/12/2014,1659,4,10,20,33,37,49
10/12/2014,1660,8,17,34,38,42,51
13/12/2014,1661,13,16,27,43,48,58
17/12/2014,1662,10,14,25,29,33,57
20/12/2014,1663,18,20,27,40,49,55
24/12/2014,1664,8,21,23,29,36,48
31/12/2014,1665,1,5,11,16,20,56
03/01/2015,1666,1,2,23,27,45,51
07/01/2015,1667,7,12,24,44,51,56
10/01/2015,1668,5,40,47,52,55,57
14/01/2015,1669,28,29,31,45,48,49
17/01/2015,1670,1,17,19,30,33,47
21/01/2015,1671,21,27,31,45,55,56
24/01/2015,1672,1,3,5,10,20,42
28/01/2015,1673,5,10,23,24,35,47
31/01/2015,1674,22,30,42,50,58,59
04/02/2015,1675,3,18,34,35,36,56
07/02/2015,1676,1,2,11,37,48,51
11/02/2015,1677,10,15,28,33,51,52
14/02/2015,1678,9,11,17,19,35,52
18/02/2015,1679,1,2,27,28,46,47
21/02/2015,1680,23,37,38,46,47,51
25/02/2015,1681,1,6,8,11,33,50
28/02/2015,1682,7,13,35,37,39,51
04/03/2015,1683,4,12,32,33,34,48
07/03/2015,1684,9,12,18,31,39,50
11/03/2015,1685,3,18,31,39,46,51
14/03/2015,1686,9,14,37,44,46,55
18/03/2015,1687,15,24,37,46,49,58
21/03/2015,1688,18,23,30,32,42,56
25/03/2015,1689,2,5,13,27,41,53
28/03/2015,1690,21,24,26,35,45,53
01/04/2015,1691,1,10,24,39,45,58
04/04/2015,1692,11,13,14,27,44,56
08/04/2015,1693,5,15,18,19,21,38
11/04/2015,1694,20,29,34,37,45,57
15/04/2015,1695,24,36,38,43,44,58
18/04/2015,1696,1,12,17,31,37,46
22/04/2015,1697,8,23,30,51,53,58
25/04/2015,1698,11,13,24,28,44,45
29/04/2015,1699,1,6,10,30,33,38
02/05/2015,1700,15,18,41,48,50,58
05/05/2015,1701,3,9,18,32,40,56
07/05/2015,1702,17,19,33,35,39,52
09/05/2015,1703,3,23,26,35,39,49
13/05/2015,1704,1,7,11,32,51,59
16/05/2015,1705,25,27,29,37,50,51
20/05/2015,1706,12,31,34,36,48,56
23/05/2015,1707,7,16,20,27,36,52
27/05/2015,1708,17,29,32,38,45,50
30/05/2015,1709,7,19,30,35,42,47
03/06/2015,1710,7,21,28,56,58,59
06/06/2015,1711,22,26,38,39,45,50
10/06/2015,1712,2,12,19,29,50,59
13/06/2015,1713,3,10,16,23,27,29
17/06/2015,1714,2,8,24,36,51,52
20/06/2015,1715,16,20,35,40,53,60
24/06/2015,1716,2,25,36,41,42,53
27/06/2015,1717,2,9,16,37,44,58
01/07/2015,1718,4,30,31,32,47,53
04/07/2015,1719,1,22,31,34,44,54
07/07/2015,1720,18,23,31,39,49,57
09/07/2015,1721,4,12,19,33,36,38
11/07/2015,1722,9,23,39,41,49,58
15/07/2015,1723,14,27,30,46,52,60
18/07/2015,1724,27,33,37,39,58,60
22/07/2015,1725,16,18,26,30,31,34
25/07/2015,1726,3,10,42,49,54,57
29/07/2015,1727,4,6,19,20,40,41
01/08/2015,1728,3,8,28,39,42,59
04/08/2015,1729,7,14,23,43,44,53
06/08/2015,1730,1,10,17,24,42,51
08/08/2015,1731,5,18,27,43,49,59
12/08/2015,1732,25,34,38,45,53,60
15/08/2015,1733,3,5,9,14,41,46
19/08/2015,1734,12,17,25,29,41,52
22/08/2015,1735,6,16,33,34,45,46
26/08/2015,1736,12,13,24,29,32,41
29/08/2015,1737,5,8,42,50,51,59
02/09/2015,1738,12,28,37,46,48,53
05/09/2015,1739,9,10,17,32,34,46
09/09/2015,1740,10,15,25,38,47,53
12/09/2015,1741,15,18,20,32,48,49
16/09/2015,1742,11,19,21,23,27,52
19/09/2015,1743,4,10,29,31,34,35
23/09/2015,1744,9,12,14,29,42,56
26/09/2015,1745,9,13,18,47,52,60
30/09/2015,1746,6,18,37,40,41,58
03/10/2015,1747,6,33,34,48,53,59
07/10/2015,1748,2,10,13,41,49,53
10/10/2015,1749,3,13,14,29,33,43
13/10/2015,1750,15,17,20,31,41,48
15/10/2015,1751,15,22,23,42,51,57
17/10/2015,1752,9,36,37,53,55,60
21/10/2015,1753,8,15,29,35,45,54
24/10/2015,1754,20,27,30,31,40,53
28/10/2015,1755,2,5,8,18,30,48
31/10/2015,1756,6,13,14,28,35,45
04/11/2015,1757,13,25,28,37,43,56
07/11/2015,1758,6,11,16,23,36,42
10/11/2015,1759,2,14,21,22,51,60
13/11/2015,1760,10,24,25,36,47,48
14/11/2015,1761,9,10,36,50,53,55
18/11/2015,1762,26,32,42,45,55,59
21/11/2015,1763,9,12,15,21,31,36
25/11/2015,1764,6,7,29,39,41,55
28/11/2015,1765,1,6,28,37,56,58
02/12/2015,1766,22,23,41,46,53,60
05/12/2015,1767,16,26,35,39,44,45
09/12/2015,1768,5,7,11,34,35,50
12/12/2015,1769,32,37,44,47,54,60
16/12/2015,1770,11,26,27,30,34,41
19/12/2015,1771,2,20,27,28,32,38
22/12/2015,1772,12,19,27,39,41,45
24/12/2015,1773,15,30,39,41,45,59
26/12/2015,1774,1,12,20,30,52,60
31/12/2015,1775,2,18,31,42,51,56
02/01/2016,1776,10,11,14,19,39,48
06/01/2016,1777,4,19,38,44,52,55
09/01/2016,1778,4,10,38,40,45,48
12/01/2016,1779,12,25,30,39,56,57
14/01/2016,1780,6,20,22,31,33,34
16/01/2016,1781,1,8,22,49,52,53
20/01/2016,1782,6,18,34,47,52,57
23/01/2016,1783,4,6,16,18,21,38
27/01/2016,1784,4,15,26,30,54,55
30/01/2016,1785,5,11,27,41,42,54
02/02/2016,1786,2,6,8,21,25,34
04/02/2016,1787,1,5,13,25,26,29
06/02/2016,1788,3,13,42,45,56,59
10/02/2016,1789,6,25,43,57,58,59
13/02/2016,1790,11,13,26,27,28,50
17/02/2016,1791,12,18,46,50,53,55
20/02/2016,1792,2,16,17,18,41,47
24/02/2016,1793,13,14,22,54,56,58
27/02/2016,1794,1,5,34,37,40,60
02/03/2016,1795,30,42,47,50,55,58
05/03/2016,1796,22,23,34,48,53,54
08/03/2016,1797,2,13,14,35,54,57
10/03/2016,1798,2,9,23,28,45,53
12/03/2016,1799,1,3,4,39,51,53
16/03/2016,1800,6,11,16,19,31,56
19/03/2016,1801,6,19,34,43,45,54
23/03/2016,1802,2,6,13,14,17,44
26/03/2016,1803,4,8,29,38,49,50
30/03/2016,1804,20,21,28,48,50,59
02/04/2016,1805,17,22,27,31,49,57
06/04/2016,1806,11,20,35,42,55,58
09/04/2016,1807,1,15,16,22,25,43
13/04/2016,1808,2,14,20,25,41,45
16/04/2016,1809,9,12,23,24,46,54
20/04/2016,1810,1,10,25,43,50,56
23/04/2016,1811,5,17,32,35,37,57
27/04/2016,1812,20,23,32,34,37,45
30/04/2016,1813,9,11,13,15,19,51
03/05/2016,1814,9,11,27,46,51,53
05/05/2016,1815,8,11,25,39,41,60
07/05/2016,1816,5,10,12,22,28,46
11/05/2016,1817,1,4,26,39,47,55
14/05/2016,1818,2,6,10,15,53,56
18/05/2016,1819,17,18,26,30,33,37
21/05/2016,1820,3,19,23,27,40,45
25/05/2016,1821,19,22,31,36,52,53
28/05/2016,1822,1,22,26,43,50,53
01/06/2016,1823,4,9,21,34,54,59
04/06/2016,1824,5,6,12,19,30,60
07/06/2016,1825,10,11,21,50,51,54
09/06/2016,1826,17,19,32,43,48,51
11/06/2016,1827,26,33,42,43,53,54
15/06/2016,1828,6,11,32,40,48,59
18/06/2016,1829,7,13,24,30,32,53
22/06/2016,1830,3,7,29,37,54,60
25/06/2016,1831,15,27,28,32,48,55
29/06/2016,1832,14,34,46,47,56,57
02/07/2016,1833,2,3,7,16,27,42
06/07/2016,1834,2,17,22,24,48,51
09/07/2016,1835,8,28,36,47,50,58
12/07/2016,1836,8,15,18,45,59,60
14/07/2016,1837,41,44,48,50,54,57
16/07/2016,1838,5,8,24,30,57,59
20/07/2016,1839,7,22,28,32,56,58
23/07/2016,1840,15,17,33,41,47,48
27/07/2016,1841,3,6,13,38,49,51
30/07/2016,1842,16,18,22,24,34,43
03/08/2016,1843,8,26,28,33,41,54
06/08/2016,1844,3,4,37,39,48,50
09/08/2016,1845,3,9,13,29,30,51
11/08/2016,1846,6,24,26,30,34,49
13/08/2016,1847,1,6,45,49,50,57
17/08/2016,1848,9,40,41,50,55,58
20/08/2016,1849,3,5,11,27,35,44
24/08/2016,1850,23,24,32,38,40,41
27/08/2016,1851,8,18,21,22,35,37
31/08/2016,1852,13,17,29,45,49,50
03/09/2016,1853,1,2,34,39,41,45
08/09/2016,1854,25,30,31,34,43,59
10/09/2016,1855,6,10,15,24,38,39
14/09/2016,1856,2,9,14,22,32,37
17/09/2016,1857,13,23,25,35,52,53
20/09/2016,1858,22,28,30,33,55,59
22/09/2016,1859,1,13,14,21,26,51
24/09/2016,1860,10,30,36,40,44,60
28/09/2016,1861,2,4,9,35,45,60
01/10/2016,1862,2,8,35,42,49,56
05/10/2016,1863,16,23,45,56,58,59
08/10/2016,1864,4,5,14,37,40,60
13/10/2016,1865,1,5,31,32,37,42
15/10/2016,1866,14,17,36,38,44,60
18/10/2016,1867,3,10,17,21,22,43
20/10/2016,1868,1,5,23,25,28,31
22/10/2016,1869,11,23,24,26,40,52
26/10/2016,1870,18,20,30,32,33,40
29/10/2016,1871,3,11,17,33,52,58
03/11/2016,1872,11,13,25,39,46,56
05/11/2016,1873,5,25,28,41,53,54
08/11/2016,1874,10,28,37,43,44,47
10/11/2016,1875,1,45,47,52,53,55
12/11/2016,1876,7,18,39,41,44,51
16/11/2016,1877,13,16,23,24,32,35
19/11/2016,1878,12,16,26,40,56,57
23/11/2016,1879,5,10,20,57,58,59
26/11/2016,1880,5,16,19,37,51,56
30/11/2016,1881,3,10,30,44,53,56
03/12/2016,1882,9,10,19,35,37,41
07/12/2016,1883,16,27,28,47,59,60
10/12/2016,1884,1,4,23,32,38,59
14/12/2016,1885,7,14,18,23,32,59
17/12/2016,1886,3,7,15,40,45,54
20/12/2016,1887,11,23,34,41,46,56
22/12/2016,1888,1,10,17,18,45,48
24/12/2016,1889,16,23,25,28,30,44
31/12/2016,1890,5,11,22,24,51,53
04/01/2017,1891,1,3,19,23,47,58
07/01/2017,1892,6,17,22,30,37,50
11/01/2017,1893,16,17,19,28,45,58
14/01/2017,1894,21,31,35,53,54,57
18/01/2017,1895,2,3,5,10,15,34
21/01/2017,1896,3,6,14,15,21,25
25/01/2017,1897,9,22,25,47,52,58
28/01/2017,1898,12,34,45,53,55,58
01/02/2017,1899,20,23,35,36,44,48
04/02/2017,1900,8,11,27,28,43,46
08/02/2017,1901,11,12,26,30,37,53
11/02/2017,1902,2,7,9,18,21,25
15/02/2017,1903,9,10,15,28,43,45
18/02/2017,1904,12,15,18,21,51,56
21/02/2017,1905,29,35,43,54,56,57
23/02/2017,1906,6,27,33,39,40,60
25/02/2017,1907,3,25,35,38,44,48
01/03/2017,1908,4,10,13,23,27,57
04/03/2017,1909,11,40,43,45,47,57
08/03/2017,1910,6,9,15,22,39,48
11/03/2017,1911,16,18,23,30,32,33
15/03/2017,1912,10,13,33,35,36,42
18/03/2017,1913,4,14,17,43,52,56
22/03/2017,1914,16,29,33,39,42,44
25/03/2017,1915,2,20,21,33,48,57
29/03/2017,1916,3,9,18,23,50,52
01/04/2017,1917,4,21,25,33,36,46
05/04/2017,1918,16,17,20,22,38,50
08/04/2017,1919,11,28,37,45,54,60
12/04/2017,1920,25,31,33,39,43,45
15/04/2017,1921,10,15,16,19,28,35
19/04/2017,1922,20,22,36,38,41,43
22/04/2017,1923,9,34,42,45,46,59
26/04/2017,1924,12,16,30,52,53,58
29/04/2017,1925,1,17,38,43,45,47
03/05/2017,1926,2,3,14,20,30,46
06/05/2017,1927,5,11,13,19,30,31
09/05/2017,1928,10,26,28,51,53,59
11/05/2017,1929,3,10,23,36,43,52
13/05/2017,1930,4,17,18,37,52,56
17/05/2017,1931,2,8,9,15,22,34
20/05/2017,1932,10,16,21,29,44,55
24/05/2017,1933,2,14,15,19,35,59
27/05/2017,1934,8,23,35,39,56,59
31/05/2017,1935,1,3,10,17,23,24
03/06/2017,1936,3,12,24,40,51,52
07/06/2017,1937,6,10,24,29,43,55
10/06/2017,1938,10,16,32,40,42,54
14/06/2017,1939,7,24,29,39,45,52
17/06/2017,1940,9,13,16,17,36,47
21/06/2017,1941,1,9,24,38,48,49
24/06/2017,1942,6,18,20,24,43,48
28/06/2017,1943,9,11,12,30,39,43
01/07/2017,1944,8,9,39,47,57,59
04/07/2017,1945,4,8,10,21,45,54
06/07/2017,1946,4,6,39,44,52,60
08/07/2017,1947,8,33,40,52,55,59
12/07/2017,1948,12,20,24,28,33,57
15/07/2017,1949,1,6,14,22,30,56
19/07/2017,1950,10,21,32,34,48,57
22/07/2017,1951,14,16,19,21,33,55
26/07/2017,1952,9,21,36,38,52,53
29/07/2017,1953,9,26,29,42,43,45
02/08/2017,1954,9,25,33,35,40,49
05/08/2017,1955,15,27,33,36,41,45
08/08/2017,1956,5,8,20,28,40,45
10/08/2017,1957,2,14,22,23,29,47
12/08/2017,1958,15,20,22,24,34,55
16/08/2017,1959,8,21,27,35,43,56
19/08/2017,1960,1,18,25,37,39,43
23/08/2017,1961,17,25,26,30,32,50
26/08/2017,1962,5,6,15,25,39,53
30/08/2017,1963,4,5,7,34,42,60
02/09/2017,1964,2,27,32,36,48,50
06/09/2017,1965,26,28,35,38,48,55
09/09/2017,1966,10,13,19,32,40,60
13/09/2017,1967,13,30,32,39,46,54
16/09/2017,1968,35,36,39,44,48,52
19/09/2017,1969,8,20,30,32,48,59
21/09/2017,1970,5,10,18,24,39,52
23/09/2017,1971,4,10,41,44,52,54
27/09/2017,1972,9,16,20,54,57,59
30/09/2017,1973,1,12,16,17,52,60
04/10/2017,1974,4,19,27,38,54,57
07/10/2017,1975,8,11,24,26,47,57
11/10/2017,1976,12,14,19,25,52,59
14/10/2017,1977,3,16,28,32,34,37
17/10/2017,1978,2,6,22,44,55,57
19/10/2017,1979,22,23,29,32,38,45
21/10/2017,1980,12,16,17,18,34,37
25/10/2017,1981,6,15,19,37,39,53
28/10/2017,1982,4,14,20,24,46,50
01/11/2017,1983,5,6,10,14,22,36
04/11/2017,1984,21,29,32,35,43,50
07/11/2017,1985,9,28,29,34,36,55
09/11/2017,1986,23,36,43,44,55,56
11/11/2017,1987,10,14,31,34,45,58
16/11/2017,1988,5,10,39,42,46,54
18/11/2017,1989,15,22,30,32,40,58
22/11/2017,1990,11,24,26,34,37,59
25/11/2017,1991,19,20,28,34,36,44
29/11/2017,1992,5,11,13,21,53,54
02/12/2017,1993,6,17,33,48,50,57
06/12/2017,1994,2,5,12,32,40,44
09/12/2017,1995,14,26,29,35,37,39
13/12/2017,1996,7,20,21,24,40,56
16/12/2017,1997,1,7,14,31,35,46
19/12/2017,1998,8,21,24,25,52,57
21/12/2017,1999,15,37,38,42,49,50
31/12/2017,2000,3,6,10,17,34,37
03/01/2018,2001,20,22,36,42,52,60
06/01/2018,2002,4,28,30,38,46,59
10/01/2018,2003,28,34,40,43,50,51
13/01/2018,2004,1,5,14,23,35,45
17/01/2018,2005,11,19,22,33,34,53
20/01/2018,2006,1,9,14,20,25,54
24/01/2018,2007,4,14,39,41,54,58
27/01/2018,2008,22,27,33,42,58,59
31/01/2018,2009,1,37,44,46,48,50
03/02/2018,2010,8,10,18,34,39,56
06/02/2018,2011,2,28,32,35,54,58
08/02/2018,2012,8,11,27,35,36,51
10/02/2018,2013,6,23,30,36,53,56
14/02/2018,2014,16,32,40,46,53,56
17/02/2018,2015,17,18,27,32,39,58
21/02/2018,2016,4,11,17,18,21,48
24/02/2018,2017,2,10,11,24,38,56
28/02/2018,2018,11,22,25,27,55,59
03/03/2018,2019,23,41,46,52,54,59
07/03/2018,2020,2,36,46,48,57,60
10/03/2018,2021,7,14,32,37,40,60
14/03/2018,2022,4,28,45,48,52,60
17/03/2018,2023,1,6,7,8,23,56
21/03/2018,2024,16,20,23,29,35,47
24/03/2018,2025,4,24,46,52,55,56
28/03/2018,2026,10,23,31,33,51,52
31/03/2018,2027,11,15,29,37,39,44
04/04/2018,2028,7,11,24,36,42,58
07/04/2018,2029,6,15,18,33,37,40
11/04/2018,2030,4,27,38,40,58,59
14/04/2018,2031,18,23,37,39,50,55
17/04/2018,2032,6,14,19,20,39,53
20/04/2018,2033,10,18,33,38,40,43
25/04/2018,2034,6,7,13,17,22,56
28/04/2018,2035,30,35,36,38,49,52
02/05/2018,2036,7,8,19,23,27,58
05/05/2018,2037,14,16,23,30,45,60
08/05/2018,2038,6,25,26,35,38,40
10/05/2018,2039,6,12,22,28,31,44
12/05/2018,2040,6,9,41,54,56,58
16/05/2018,2041,10,12,22,25,42,54
19/05/2018,2042,14,22,29,32,33,35
23/05/2018,2043,21,38,53,56,57,58
26/05/2018,2044,7,14,47,54,56,60
30/05/2018,2045,15,25,27,45,46,50
02/06/2018,2046,3,6,11,27,28,46
06/06/2018,2047,1,18,19,29,44,54
09/06/2018,2048,10,19,26,35,38,39
13/06/2018,2049,10,19,27,31,51,53
16/06/2018,2050,8,31,32,33,38,50
20/06/2018,2051,1,5,6,37,44,53
23/06/2018,2052,50,51,56,57,58,59
27/06/2018,2053,12,22,27,37,40,55
30/06/2018,2054,4,7,12,22,26,39
03/07/2018,2055,6,25,35,43,46,53
05/07/2018,2056,18,22,29,34,36,47
07/07/2018,2057,10,13,20,37,38,54
11/07/2018,2058,4,19,23,29,56,59
14/07/2018,2059,4,5,36,40,44,56
18/07/2018,2060,8,9,11,25,39,41
21/07/2018,2061,33,36,40,44,45,54
25/07/2018,2062,8,10,15,23,25,34
28/07/2018,2063,6,10,19,24,25,29
01/08/2018,2064,10,14,36,53,55,60
04/08/2018,2065,4,11,20,30,37,43
08/08/2018,2066,6,25,27,35,45,55
11/08/2018,2067,2,11,13,26,32,59
14/08/2018,2068,3,5,9,40,42,47
16/08/2018,2069,3,17,34,35,40,48
18/08/2018,2070,5,26,27,34,42,48
22/08/2018,2071,24,33,34,35,46,60
25/08/2018,2072,10,12,13,20,22,54
29/08/2018,2073,12,15,18,30,52,55
01/09/2018,2074,8,18,23,37,42,58
05/09/2018,2075,7,9,23,33,57,59
08/09/2018,2076,5,6,12,15,22,43
12/09/2018,2077,13,16,26,35,37,39
15/09/2018,2078,2,11,15,30,36,39
18/09/2018,2079,1,2,14,37,55,58
20/09/2018,2080,10,22,40,46,55,58
22/09/2018,2081,13,18,35,40,41,42
26/09/2018,2082,6,25,33,42,48,49
29/09/2018,2083,1,18,19,33,56,60
03/10/2018,2084,7,20,26,37,38,39
06/10/2018,2085,12,21,25,37,38,49
10/10/2018,2086,4,35,43,46,47,53
13/10/2018,2087,2,18,19,23,34,53
17/10/2018,2088,3,14,24,27,38,56
20/10/2018,2089,5,10,32,38,48,49
23/10/2018,2090,8,11,18,37,40,51
25/10/2018,2091,10,11,12,37,38,59
27/10/2018,2092,11,13,15,17,22,27
31/10/2018,2093,8,14,27,34,52,54
03/11/2018,2094,4,16,19,31,33,44
07/11/2018,2095,16,29,35,43,49,56
10/11/2018,2096,6,11,13,19,24,51
14/11/2018,2097,9,24,28,45,49,51
17/11/2018,2098,2,8,18,27,38,60
21/11/2018,2099,5,15,20,27,30,58
24/11/2018,2100,1,10,11,13,35,49
28/11/2018,2101,2,8,18,37,56,58
01/12/2018,2102,4,6,17,34,51,57
04/12/2018,2103,3,13,40,44,46,50
06/12/2018,2104,2,10,12,27,45,56
08/12/2018,2105,11,13,16,24,31,46
12/12/2018,2106,3,27,36,39,40,43
15/12/2018,2107,8,38,44,50,56,60
18/12/2018,2108,19,22,29,41,44,59
20/12/2018,2109,4,12,16,34,44,49
31/12/2018,2110,5,10,12,18,25,33
02/01/2019,2111,1,41,44,46,54,58
05/01/2019,2112,17,39,43,46,52,53
09/01/2019,2113,11,14,21,25,46,50
12/01/2019,2114,17,25,30,35,42,57
15/01/2019,2115,4,19,27,35,40,44
17/01/2019,2116,1,9,19,21,34,54
19/01/2019,2117,4,28,29,30,43,52
23/01/2019,2118,11,12,20,40,41,46
26/01/2019,2119,19,21,26,31,42,49
30/01/2019,2120,13,20,24,25,38,41
02/02/2019,2121,8,10,17,29,37,40
06/02/2019,2122,3,11,15,21,27,49
09/02/2019,2123,14,15,47,50,56,59
13/02/2019,2124,2,11,20,31,43,47
16/02/2019,2125,1,31,44,46,53,58
20/02/2019,2126,7,12,24,27,39,58
23/02/2019,2127,1,7,28,30,44,46
26/02/2019,2128,11,16,24,46,54,55
28/02/2019,2129,6,12,31,32,46,60
02/03/2019,2130,13,16,36,53,54,55
06/03/2019,2131,2,3,6,18,20,28
09/03/2019,2132,5,18,30,35,39,60
13/03/2019,2133,19,20,26,51,52,57
16/03/2019,2134,6,21,34,46,54,59
20/03/2019,2135,9,23,28,40,48,59
23/03/2019,2136,1,8,11,22,30,35
27/03/2019,2137,1,2,11,12,34,49
30/03/2019,2138,4,13,14,21,30,34
03/04/2019,2139,14,23,29,41,57,58
06/04/2019,2140,17,20,26,36,42,54
10/04/2019,2141,10,11,17,19,37,41
13/04/2019,2142,7,40,44,50,52,57
17/04/2019,2143,2,12,35,51,57,58
20/04/2019,2144,7,16,21,33,55,60
24/04/2019,2145,6,8,28,51,53,59
27/04/2019,2146,16,18,31,39,42,44
02/05/2019,2147,17,19,37,41,42,49
04/05/2019,2148,8,15,32,33,58,59
08/05/2019,2149,21,23,37,44,46,48
11/05/2019,2150,23,24,26,38,42,49
15/05/2019,2151,2,14,18,29,36,38
18/05/2019,2152,26,29,36,49,50,59
22/05/2019,2153,8,13,28,31,32,33
25/05/2019,2154,7,25,41,47,50,53
29/05/2019,2155,2,6,27,37,44,47
01/06/2019,2156,1,6,23,26,39,49
05/06/2019,2157,31,33,34,35,39,48
08/06/2019,2158,9,27,35,45,46,59
12/06/2019,2159,14,26,35,38,45,53
15/06/2019,2160,1,19,46,47,49,53
19/06/2019,2161,8,9,10,24,42,44
22/06/2019,2162,11,16,22,30,34,42
26/06/2019,2163,8,18,20,24,36,45
29/06/2019,2164,16,17,25,47,48,58
03/07/2019,2165,5,37,43,49,54,56
06/07/2019,2166,3,19,34,44,56,58
09/07/2019,2167,27,37,38,43,45,54
11/07/2019,2168,1,4,25,27,29,37
13/07/2019,2169,7,34,45,51,54,59
17/07/2019,2170,10,21,24,36,38,51
20/07/2019,2171,12,13,19,36,44,55
24/07/2019,2172,9,24,28,37,43,57
27/07/2019,2173,2,9,42,44,48,50
31/07/2019,2174,10,15,34,36,56,60
03/08/2019,2175,7,25,32,43,53,55
06/08/2019,2176,8,23,25,39,43,44
08/08/2019,2177,9,11,14,31,48,51
10/08/2019,2178,2,16,21,42,50,56
14/08/2019,2179,2,13,24,35,50,54
17/08/2019,2180,10,12,16,21,28,38
21/08/2019,2181,1,8,19,33,36,48
24/08/2019,2182,19,22,39,46,47,59
28/08/2019,2183,13,26,30,34,43,51
31/08/2019,2184,15,36,45,51,52,59
04/09/2019,2185,9,18,19,22,42,47
09/09/2019,2186,12,18,19,27,41,46
11/09/2019,2187,10,11,16,21,46,50
14/09/2019,2188,2,17,21,28,51,60
18/09/2019,2189,4,11,16,22,29,33
21/09/2019,2190,5,9,20,25,35,53
24/09/2019,2191,4,8,26,33,46,53
26/09/2019,2192,7,16,37,53,57,59
28/09/2019,2193,7,8,22,27,29,42
02/10/2019,2194,8,16,20,21,31,34
05/10/2019,2195,14,24,32,38,46,53
09/10/2019,2196,1,25,27,28,41,56
14/10/2019,2197,3,11,29,35,44,57
16/10/2019,2198,1,11,34,36,44,56
19/10/2019,2199,15,23,30,35,38,44
22/10/2019,2200,11,15,28,36,43,55
24/10/2019,2201,3,13,23,41,49,53
26/10/2019,2202,11,29,37,38,43,60
30/10/2019,2203,17,34,46,49,50,57
04/11/2019,2204,1,28,29,32,35,56
06/11/2019,2205,12,21,28,37,42,57
09/11/2019,2206,6,27,38,42,45,57
13/11/2019,2207,6,10,11,43,53,55
16/11/2019,2208,16,25,30,40,45,49
20/11/2019,2209,22,25,28,32,33,47
23/11/2019,2210,11,17,24,25,33,34
27/11/2019,2211,27,36,40,41,44,54
30/11/2019,2212,23,26,51,52,53,58
04/12/2019,2213,5,7,10,32,46,60
07/12/2019,2214,4,10,18,30,34,47
11/12/2019,2215,1,19,21,23,33,43
14/12/2019,2216,10,24,42,43,48,49
17/12/2019,2217,10,14,16,30,32,36
19/12/2019,2218,6,16,22,38,48,52
21/12/2019,2219,8,28,36,45,57,59
31/12/2019,2220,3,35,38,40,57,58
04/01/2020,2221,5,23,34,45,56,57
08/01/2020,2222,13,14,29,30,48,59
11/01/2020,2223,2,26,40,42,49,56
15/01/2020,2224,16,23,32,50,52,58
18/01/2020,2225,1,32,37,44,46,47
21/01/2020,2226,2,4,7,16,30,38
23/01/2020,2227,6,9,12,27,32,57
25/01/2020,2228,9,19,23,32,39,45
29/01/2020,2229,6,11,29,40,41,58
01/02/2020,2230,7,17,26,39,56,60
05/02/2020,2231,4,13,25,40,53,57
08/02/2020,2232,7,8,31,34,38,47
12/02/2020,2233,4,6,32,35,41,45
15/02/2020,2234,4,21,27,29,42,47
19/02/2020,2235,14,18,30,35,55,57
22/02/2020,2236,7,20,38,43,45,53
27/02/2020,2237,11,20,27,28,53,60
29/02/2020,2238,11,36,45,55,57,58
04/03/2020,2239,7,27,31,39,45,46
07/03/2020,2240,7,9,10,19,25,58
10/03/2020,2241,1,13,18,26,40,56
12/03/2020,2242,5,9,18,24,25,42
14/03/2020,2243,14,18,28,35,38,54
18/03/2020,2244,3,5,11,34,37,42
21/03/2020,2245,11,14,15,18,33,34
25/03/2020,2246,5,9,24,27,33,46
28/03/2020,2247,1,42,44,47,48,53
01/04/2020,2248,9,15,20,29,30,42
04/04/2020,2249,4,9,31,47,49,53
08/04/2020,2250,27,33,39,52,57,58
11/04/2020,2251,5,15,22,26,54,58
15/04/2020,2252,1,17,30,37,46,50
18/04/2020,2253,31,32,33,39,52,55
22/04/2020,2254,4,9,24,44,47,56
25/04/2020,2255,15,20,39,41,49,57
29/04/2020,2256,9,10,30,37,47,54
02/05/2020,2257,18,21,30,31,34,51
05/05/2020,2258,1,5,7,14,23,26
07/05/2020,2259,20,27,41,54,56,58
09/05/2020,2260,12,14,34,35,37,47
13/05/2020,2261,7,23,26,27,29,51
16/05/2020,2262,7,8,14,23,30,46
20/05/2020,2263,9,24,33,43,49,57
23/05/2020,2264,2,3,8,19,29,37
27/05/2020,2265,14,20,23,39,46,50
30/05/2020,2266,10,23,31,37,58,59
03/06/2020,2267,20,32,33,48,49,53
06/06/2020,2268,4,13,23,28,30,52
10/06/2020,2269,1,11,14,23,29,55
13/06/2020,2270,14,16,38,39,41,48
17/06/2020,2271,6,10,27,28,41,52
20/06/2020,2272,2,5,11,24,41,49
24/06/2020,2273,15,16,20,38,40,58
27/06/2020,2274,8,11,17,33,40,55
01/07/2020,2275,2,4,25,36,50,53
04/07/2020,2276,5,15,18,27,49,57
08/07/2020,2277,10,22,23,37,53,60
11/07/2020,2278,8,17,34,37,43,45
14/07/2020,2279,5,12,14,20,27,28
16/07/2020,2280,28,29,31,50,58,59
18/07/2020,2281,14,27,35,40,50,55
22/07/2020,2282,12,27,30,36,45,52
25/07/2020,2283,4,24,37,43,59,60
29/07/2020,2284,4,10,12,14,36,46
01/08/2020,2285,1,7,10,12,33,42
05/08/2020,2286,9,21,30,41,42,43
08/08/2020,2287,2,4,6,29,41,56
11/08/2020,2288,2,26,35,39,40,56
13/08/2020,2289,6,9,34,37,38,45
15/08/2020,2290,5,18,36,44,57,60
19/08/2020,2291,12,26,31,36,37,49
22/08/2020,2292,6,16,18,33,42,57
26/08/2020,2293,1,2,10,37,42,48
29/08/2020,2294,9,15,20,33,41,43
02/09/2020,2295,6,13,26,28,35,41
05/09/2020,2296,1,6,21,29,36,59
09/09/2020,2297,20,22,35,40,41,59
12/09/2020,2298,13,17,21,31,41,49
15/09/2020,2299,2,3,19,40,44,60
17/09/2020,2300,9,21,37,39,43,54
19/09/2020,2301,17,18,35,36,47,52
23/09/2020,2302,18,22,25,27,43,44
26/09/2020,2303,3,7,17,20,48,50
30/09/2020,2304,12,21,29,54,56,57
03/10/2020,2305,7,16,22,38,55,57
07/10/2020,2306,3,19,28,33,57,58
10/10/2020,2307,16,33,38,46,53,55
14/10/2020,2308,9,13,26,38,58,60
17/10/2020,2309,9,11,29,30,33,60
20/10/2020,2310,13,17,28,29,42,53
22/10/2020,2311,3,5,9,35,43,60
24/10/2020,2312,3,27,39,46,47,60
28/10/2020,2313,3,20,26,45,49,58
31/10/2020,2314,6,7,28,42,45,49
04/11/2020,2315,1,10,17,26,30,53
07/11/2020,2316,2,11,43,49,52,56
11/11/2020,2317,3,8,30,33,35,48
14/11/2020,2318,28,44,52,54,58,60
18/11/2020,2319,6,17,25,35,40,49
21/11/2020,2320,6,30,35,39,42,48
25/11/2020,2321,14,25,28,41,43,46
28/11/2020,2322,2,5,10,29,34,41
02/12/2020,2323,20,27,35,39,50,59
05/12/2020,2324,2,16,19,31,43,60
08/12/2020,2325,33,34,37,46,52,60
10/12/2020,2326,10,16,27,34,36,57
12/12/2020,2327,30,37,45,54,57,58
16/12/2020,2328,8,11,14,39,48,53
19/12/2020,2329,12,14,28,42,45,55
31/12/2020,2330,17,20,22,35,41,42
02/01/2021,2331,11,13,16,36,53,57
06/01/2021,2332,12,33,35,36,44,52
09/01/2021,2333,9,16,31,41,53,55
13/01/2021,2334,4,13,20,22,25,60
16/01/2021,2335,9,18,23,42,47,49
20/01/2021,2336,8,10,20,27,28,50
23/01/2021,2337,2,9,34,49,51,55
26/01/2021,2338,8,21,23,34,42,47
28/01/2021,2339,4,18,29,47,48,59
30/01/2021,2340,16,21,28,41,49,51
03/02/2021,2341,4,9,31,32,42,46
06/02/2021,2342,17,20,24,27,40,60
10/02/2021,2343,4,31,42,45,49,56
13/02/2021,2344,11,17,25,38,52,57
17/02/2021,2345,7,16,19,22,28,55
20/02/2021,2346,3,4,11,40,42,58
24/02/2021,2347,8,9,17,30,58,60
27/02/2021,2348,2,3,7,48,51,54
03/03/2021,2349,5,10,25,32,49,54
06/03/2021,2350,25,28,29,34,41,45
10/03/2021,2351,19,22,35,41,47,49
13/03/2021,2352,9,17,38,41,49,55
17/03/2021,2353,3,19,34,41,48,53
20/03/2021,2354,6,18,25,30,42,54
24/03/2021,2355,7,30,31,41,50,56
27/03/2021,2356,3,10,25,36,51,58
31/03/2021,2357,19,28,30,34,40,51
03/04/2021,2358,5,9,11,16,43,57
06/04/2021,2359,31,32,39,42,43,51
08/04/2021,2360,10,15,21,24,29,45
10/04/2021,2361,14,21,22,29,35,46
14/04/2021,2362,3,20,22,32,35,50
17/04/2021,2363,6,14,24,34,39,58
22/04/2021,2364,20,33,42,44,51,56
24/04/2021,2365,1,17,28,37,44,50
28/04/2021,2366,4,27,33,35,38,41
30/04/2021,2367,5,23,29,34,53,60
04/05/2021,2368,4,7,13,25,36,58
06/05/2021,2369,4,9,17,19,37,60
08/05/2021,2370,7,31,37,42,44,56
12/05/2021,2371,4,15,30,36,39,48
15/05/2021,2372,3,19,25,44,46,57
19/05/2021,2373,23,24,26,44,49,60
22/05/2021,2374,12,13,25,37,39,41
26/05/2021,2375,2,6,44,46,53,58
29/05/2021,2376,12,14,17,18,19,22
02/06/2021,2377,5,18,29,35,43,44
05/06/2021,2378,11,37,38,41,49,54
09/06/2021,2379,2,8,26,32,46,56
12/06/2021,2380,11,16,20,24,39,53
16/06/2021,2381,7,23,32,41,42,47
19/06/2021,2382,6,9,19,38,53,55
23/06/2021,2383,13,15,16,20,40,41
26/06/2021,2384,9,13,22,25,26,31
29/06/2021,2385,12,24,32,37,43,60
01/07/2021,2386,11,13,16,35,49,50
03/07/2021,2387,8,26,30,31,38,48
07/07/2021,2388,8,30,33,37,45,48
10/07/2021,2389,16,30,37,39,40,51
14/07/2021,2390,9,13,20,22,32,56
17/07/2021,2391,5,8,13,27,36,50
21/07/2021,2392,11,15,23,25,34,53
24/07/2021,2393,26,27,28,32,38,51
28/07/2021,2394,5,16,25,36,42,44
31/07/2021,2395,4,11,12,44,45,57
04/08/2021,2396,2,3,25,39,42,49
07/08/2021,2397,6,14,20,39,46,48
10/08/2021,2398,8,17,30,36,54,59
12/08/2021,2399,27,35,42,44,51,52
14/08/2021,2400,9,21,25,26,36,53
18/08/2021,2401,8,11,13,33,38,48
21/08/2021,2402,6,22,25,29,30,60
25/08/2021,2403,10,12,14,32,33,34
28/08/2021,2404,1,19,35,40,47,54
01/09/2021,2405,21,38,48,49,53,59
04/09/2021,2406,8,12,29,43,54,60
08/09/2021,2407,13,17,31,43,54,55
11/09/2021,2408,4,29,30,38,43,57
15/09/2021,2409,2,29,39,49,52,58
18/09/2021,2410,7,10,27,35,43,59
22/09/2021,2411,7,26,29,34,43,44
25/09/2021,2412,9,16,34,36,49,60
28/09/2021,2413,3,22,37,40,41,48
30/09/2021,2414,4,5,6,14,29,38
02/10/2021,2415,10,12,26,29,35,60
06/10/2021,2416,6,7,11,26,37,57
09/10/2021,2417,3,7,10,11,27,46
13/10/2021,2418,2,11,19,27,57,60
16/10/2021,2419,10,35,43,48,50,53
19/10/2021,2420,5,8,29,39,44,60
21/10/2021,2421,2,3,32,35,48,57
23/10/2021,2422,2,7,10,20,30,46
27/10/2021,2423,16,18,38,48,51,60
30/10/2021,2424,3,16,17,37,38,53
03/11/2021,2425,10,31,38,46,49,54
06/11/2021,2426,5,11,24,27,32,57
10/11/2021,2427,3,19,25,37,44,56
13/11/2021,2428,3,9,25,28,29,39
17/11/2021,2429,11,37,53,55,56,60
20/11/2021,2430,19,26,39,45,46,56
24/11/2021,2431,8,11,22,25,26,36
27/11/2021,2432,7,29,38,40,44,52
01/12/2021,2433,8,9,32,52,53,57
04/12/2021,2434,1,2,14,28,40,51
07/12/2021,2435,5,22,30,32,33,36
09/12/2021,2436,5,15,28,32,38,54
11/12/2021,2437,1,19,41,46,48,55
15/12/2021,2438,4,11,19,25,37,55
18/12/2021,2439,2,8,34,38,47,51
31/12/2021,2440,12,15,23,32,33,46
05/01/2022,2441,9,41,42,46,47,54
08/01/2022,2442,2,7,9,25,41,49
12/01/2022,2443,1,5,12,13,17,31
15/01/2022,2444,15,17,20,35,37,43
19/01/2022,2445,11,25,32,37,47,56
22/01/2022,2446,1,13,27,41,51,58
25/01/2022,2447,13,19,29,42,49,52
27/01/2022,2448,18,30,32,35,40,48
29/01/2022,2449,14,20,21,31,49,52
02/02/2022,2450,2,6,11,15,17,39
05/02/2022,2451,13,26,31,46,51,60
09/02/2022,2452,8,10,51,56,57,58
12/02/2022,2453,10,14,15,24,34,44
16/02/2022,2454,9,14,22,24,44,47
19/02/2022,2455,21,38,50,53,56,59
22/02/2022,2456,28,34,40,41,52,55
24/02/2022,2457,10,19,46,47,49,50
26/02/2022,2458,15,40,44,45,47,51
03/03/2022,2459,15,24,33,49,53,59
05/03/2022,2460,16,17,18,28,35,47
09/03/2022,2461,8,11,16,21,32,37
12/03/2022,2462,3,16,23,41,45,57
16/03/2022,2463,11,16,31,37,42,51
19/03/2022,2464,2,7,24,43,52,56
23/03/2022,2465,3,8,23,29,53,54
26/03/2022,2466,2,3,13,20,53,54
30/03/2022,2467,1,10,19,34,35,45
02/04/2022,2468,22,35,41,42,53,57
06/04/2022,2469,5,28,30,38,52,55
09/04/2022,2470,8,33,40,42,48,51
13/04/2022,2471,8,23,29,30,36,55
16/04/2022,2472,5,13,18,23,35,36
20/04/2022,2473,15,18,28,42,55,60
23/04/2022,2474,22,30,38,39,49,56
26/04/2022,2475,1,40,44,45,58,60
28/04/2022,2476,2,7,32,46,49,55
30/04/2022,2477,20,33,37,38,49,50
04/05/2022,2478,2,17,23,28,39,46
07/05/2022,2479,10,15,17,20,21,35
11/05/2022,2480,4,6,9,31,50,56
14/05/2022,2481,1,8,21,27,36,37
18/05/2022,2482,1,32,35,44,45,57
21/05/2022,2483,20,34,38,40,49,54
25/05/2022,2484,11,14,36,41,54,59
28/05/2022,2485,5,12,32,38,47,60
31/05/2022,2486,8,9,17,19,33,56
02/06/2022,2487,23,36,42,48,54,58
04/06/2022,2488,17,31,34,40,56,57
08/06/2022,2489,3,10,13,25,41,42
11/06/2022,2490,11,16,17,41,46,59
15/06/2022,2491,22,29,38,43,48,53
18/06/2022,2492,10,30,31,33,42,52
22/06/2022,2493,4,9,37,43,44,56
25/06/2022,2494,1,4,10,22,53,54
28/06/2022,2495,8,12,14,30,33,41
30/06/2022,2496,7,26,31,38,46,58
02/07/2022,2497,5,14,23,46,48,52
06/07/2022,2498,9,12,26,29,46,47
09/07/2022,2499,11,19,38,47,56,59
13/07/2022,2500,5,16,25,32,39,55
16/07/2022,2501,11,27,32,40,58,59
20/07/2022,2502,16,20,21,39,44,55
23/07/2022,2503,3,14,16,38,43,45
27/07/2022,2504,14,33,41,42,44,55
30/07/2022,2505,3,5,19,26,43,51
02/08/2022,2506,21,22,29,34,40,44
04/08/2022,2507,4,6,12,34,35,53
06/08/2022,2508,41,45,48,51,53,58
10/08/2022,2509,8,37,39,50,59,60
13/08/2022,2510,8,13,25,32,44,57
17/08/2022,2511,4,10,15,39,41,49
20/08/2022,2512,7,10,34,47,49,52
24/08/2022,2513,13,19,21,35,46,50
27/08/2022,2514,5,15,24,34,45,52
31/08/2022,2515,3,12,19,41,45,54
03/09/2022,2516,8,17,49,51,52,53
08/09/2022,2517,1,5,6,16,22,39
10/09/2022,2518,3,22,23,44,53,60
13/09/2022,2519,3,8,20,36,38,57
15/09/2022,2520,2,17,22,41,58,60
17/09/2022,2521,23,28,33,38,55,59
21/09/2022,2522,4,5,25,32,39,40
24/09/2022,2523,1,10,27,36,37,45
28/09/2022,2524,3,20,22,37,41,43
01/10/2022,2525,4,13,21,26,47,51
05/10/2022,2526,2,16,24,38,43,59
08/10/2022,2527,8,19,29,38,48,56
13/10/2022,2528,4,15,22,53,56,60
15/10/2022,2529,3,5,32,56,57,59
18/10/2022,2530,14,17,18,28,30,44
20/10/2022,2531,1,5,18,49,55,56
22/10/2022,2532,10,14,17,18,23,30
26/10/2022,2533,17,18,20,37,45,53
29/10/2022,2534,28,36,39,44,56,60
03/11/2022,2535,1,3,24,37,51,56
05/11/2022,2536,9,22,27,30,33,45
09/11/2022,2537,12,24,26,31,37,48
12/11/2022,2538,6,15,19,20,33,52
16/11/2022,2539,1,23,32,33,36,59
19/11/2022,2540,2,8,28,34,41,49
22/11/2022,2541,10,28,45,47,57,59
24/11/2022,2542,12,20,22,25,26,55
26/11/2022,2543,2,5,27,30,46,53
30/11/2022,2544,25,38,45,53,55,56
03/12/2022,2545,20,23,32,36,39,57
07/12/2022,2546,3,23,28,34,38,48
10/12/2022,2547,10,25,31,37,38,57
14/12/2022,2548,9,15,23,25,29,30
17/12/2022,2549,1,6,10,30,33,35
31/12/2022,2550,4,5,10,34,58,59
04/01/2023,2551,1,25,29,43,46,48
07/01/2023,2552,5,24,25,33,38,41
10/01/2023,2553,13,15,53,54,55,58
12/01/2023,2554,19,25,43,44,48,49
14/01/2023,2555,3,20,45,52,53,58
18/01/2023,2556,2,6,10,14,34,56
21/01/2023,2557,3,13,16,25,27,33
25/01/2023,2558,2,10,18,25,34,44
28/01/2023,2559,9,12,20,30,32,35
01/02/2023,2560,4,5,17,20,48,52
04/02/2023,2561,19,22,37,44,51,56
08/02/2023,2562,6,12,32,44,51,57
11/02/2023,2563,5,9,14,30,38,50
14/02/2023,2564,7,8,14,19,32,45
